dataset,method,representation,classifier,seed,accuracy,n_features,encode_seconds,fit_seconds,predict_seconds,peak_mib,n_train,n_test,length,n_classes,error
ArrowHead,baseline-1nn-euclidean,raw,knn1,0,0.8,251,0.0012707000132650137,0.05875500000547618,3.265870100003667,50.980034828186035,36,175,251,3,
ArrowHead,baseline-1nn-euclidean,raw,knn1,1,0.8,251,0.0014924000133760273,0.0550568999897223,3.1129108000022825,50.97926712036133,36,175,251,3,
ArrowHead,baseline-1nn-euclidean,raw,knn1,2,0.8,251,0.002151399996364489,0.0628656999906525,3.0457406000059564,50.9799108505249,36,175,251,3,
ArrowHead,baseline-raw-logreg,raw,logreg,0,0.7314285714285714,251,0.0013773000100627542,0.13286320000770502,0.0033096999977715313,51.30773448944092,36,175,251,3,
ArrowHead,baseline-raw-logreg,raw,logreg,1,0.7314285714285714,251,0.0010006000229623169,0.1483451999956742,0.002836599975125864,51.30882167816162,36,175,251,3,
ArrowHead,baseline-raw-logreg,raw,logreg,2,0.7314285714285714,251,0.0012236999755259603,0.1875014000106603,0.0028845999913755804,51.30759334564209,36,175,251,3,
ArrowHead,gasf-features,gaf,logreg,0,0.49142857142857144,662,136.97885139999562,0.11681419998058118,0.004173799999989569,52.65938472747803,36,175,251,3,
ArrowHead,gasf-features,gaf,logreg,1,0.49142857142857144,662,138.48917680000886,0.12045149999903515,0.0031903000199235976,52.65655994415283,36,175,251,3,
ArrowHead,gasf-features,gaf,logreg,2,0.49142857142857144,662,91.14009040000383,0.1069046999909915,0.0040831000078469515,29.09433650970459,36,175,251,3,
ArrowHead,gadf-features,gadf,logreg,0,0.5142857142857142,662,95.24792399999569,0.12298090002150275,0.005308699997840449,29.09717559814453,36,175,251,3,
ArrowHead,gadf-features,gadf,logreg,1,0.5142857142857142,662,94.88127789998543,0.1385318999818992,0.004134400020120665,29.097376823425293,36,175,251,3,
ArrowHead,gadf-features,gadf,logreg,2,0.5142857142857142,662,95.12294299999485,0.09436049999203533,0.004048000002512708,29.097554206848145,36,175,251,3,
ArrowHead,mtf-features,mtf,logreg,0,0.5428571428571428,662,126.05738380001276,0.12717800002428703,0.003823699982604012,29.095372200012207,36,175,251,3,
ArrowHead,mtf-features,mtf,logreg,1,0.5428571428571428,662,126.47143449998111,0.12855860000126995,0.0048568999918643385,29.095762252807617,36,175,251,3,
ArrowHead,mtf-features,mtf,logreg,2,0.5428571428571428,662,86.3258155999938,0.17171569998026825,0.003788699978031218,28.97476100921631,36,175,251,3,
ArrowHead,rp-features,rp,logreg,0,0.6742857142857143,662,88.54251140000997,0.1588880000053905,0.004705100000137463,28.97475528717041,36,175,251,3,
ArrowHead,rp-features,rp,logreg,1,0.6742857142857143,662,88.37330750000547,0.1834746999957133,0.00458120001712814,28.97461986541748,36,175,251,3,
ArrowHead,rp-features,rp,logreg,2,0.6742857142857143,662,87.88596670000697,0.1549411999876611,0.003958700021030381,28.974003791809082,36,175,251,3,
ArrowHead,ablation-gaf-intensity-only,gaf,logreg,0,0.48,6,0.6209302000061143,0.033123700006399304,0.0023910000163596123,2.7738876342773438,36,175,251,3,
ArrowHead,ablation-gaf-intensity-only,gaf,logreg,1,0.48,6,0.7241840999922715,0.03850699999020435,0.003776300000026822,2.7738876342773438,36,175,251,3,
ArrowHead,ablation-gaf-intensity-only,gaf,logreg,2,0.48,6,0.7243263999989722,0.20251080000889488,0.015966399980243295,2.7703094482421875,36,175,251,3,
ArrowHead,ablation-gaf-texture-only,gaf,logreg,0,0.4514285714285714,268,7.28402280001319,0.05253159999847412,0.0034013999975286424,6.847597122192383,36,175,251,3,
ArrowHead,ablation-gaf-texture-only,gaf,logreg,1,0.4514285714285714,268,7.00808379999944,0.04504259998793714,0.003390500001842156,6.849905967712402,36,175,251,3,
ArrowHead,ablation-gaf-texture-only,gaf,logreg,2,0.4514285714285714,268,9.073695700004464,0.054634900006931275,0.0021930999937467277,6.824867248535156,36,175,251,3,
BME,baseline-1nn-euclidean,raw,knn1,0,0.8333333333333334,128,0.0006667999841738492,0.0024910000211093575,1.8811302999965847,0.38995361328125,30,150,128,3,
BME,baseline-1nn-euclidean,raw,knn1,1,0.8333333333333334,128,0.000833099998999387,0.003497900004731491,2.9090987000090536,0.38995361328125,30,150,128,3,
BME,baseline-1nn-euclidean,raw,knn1,2,0.8333333333333334,128,0.0009275999909732491,0.003150200005620718,2.5932098000193946,0.38995361328125,30,150,128,3,
BME,baseline-raw-logreg,raw,logreg,0,0.88,128,0.0005899000097997487,0.07494190000579692,0.0024960000009741634,0.43520450592041016,30,150,128,3,
BME,baseline-raw-logreg,raw,logreg,1,0.88,128,0.0005638999864459038,0.0707750000001397,0.0023191999935079366,0.4333047866821289,30,150,128,3,
BME,baseline-raw-logreg,raw,logreg,2,0.88,128,0.000507800024934113,0.06733299998450093,0.002122199977748096,0.43314266204833984,30,150,128,3,
BME,gasf-features,gaf,logreg,0,0.6733333333333333,662,29.676410200016107,0.1372043000010308,0.003661800001282245,8.253047943115234,30,150,128,3,
BME,gasf-features,gaf,logreg,1,0.6733333333333333,662,31.171444000006886,0.16482669999822974,0.003307100007077679,8.332138061523438,30,150,128,3,
BME,gasf-features,gaf,logreg,2,0.6733333333333333,662,29.941379099996993,0.15532220000750385,0.003161000000545755,8.331811904907227,30,150,128,3,
BME,gadf-features,gadf,logreg,0,0.6866666666666666,662,31.31039779999992,0.1369008999899961,0.0031644999980926514,8.25306510925293,30,150,128,3,
BME,gadf-features,gadf,logreg,1,0.6866666666666666,662,29.24682960001519,0.17458299998543225,0.002245799987576902,8.251829147338867,30,150,128,3,
BME,gadf-features,gadf,logreg,2,0.6866666666666666,662,28.663476699992316,0.13949840000714175,0.03349470000830479,8.256919860839844,30,150,128,3,
BME,mtf-features,mtf,logreg,0,0.4866666666666667,662,27.8445963000122,0.22164359997259453,0.003040499985218048,8.256400108337402,30,150,128,3,
BME,mtf-features,mtf,logreg,1,0.4866666666666667,662,25.2104008999886,0.14477349998196587,0.003130800003418699,8.253373146057129,30,150,128,3,
BME,mtf-features,mtf,logreg,2,0.4866666666666667,662,29.14168949998566,0.21617469997727312,0.001822499994887039,8.252411842346191,30,150,128,3,
BME,rp-features,rp,logreg,0,0.6866666666666666,662,23.66912790000788,0.10060730000259355,0.012734799995087087,8.252102851867676,30,150,128,3,
BME,rp-features,rp,logreg,1,0.6866666666666666,662,23.500268600007985,0.0898301999841351,0.0032913000031840056,8.2532958984375,30,150,128,3,
BME,rp-features,rp,logreg,2,0.6866666666666666,662,23.687437700020382,0.09418749998440035,0.0034241000248584896,8.253673553466797,30,150,128,3,
BME,ablation-gaf-intensity-only,gaf,logreg,0,0.58,6,0.182959400000982,0.05927800000063144,0.005469900002935901,0.799072265625,30,150,128,3,
BME,ablation-gaf-intensity-only,gaf,logreg,1,0.58,6,0.7461828000086825,0.06670339999254793,0.012582800001837313,0.799072265625,30,150,128,3,
BME,ablation-gaf-intensity-only,gaf,logreg,2,0.58,6,0.3977741000126116,0.07927489999565296,0.0017968000029213727,0.799072265625,30,150,128,3,
BME,ablation-gaf-texture-only,gaf,logreg,0,0.62,268,2.1957622000190895,0.06924290000461042,0.02356040000449866,2.1110363006591797,30,150,128,3,
BME,ablation-gaf-texture-only,gaf,logreg,1,0.62,268,2.4148819999827538,0.14400639999075793,0.0024883000005502254,2.1123666763305664,30,150,128,3,
BME,ablation-gaf-texture-only,gaf,logreg,2,0.62,268,8.528391500003636,0.07536509999772534,0.0026166999887209386,2.11116886138916,30,150,128,3,
Beef,baseline-1nn-euclidean,raw,knn1,0,0.6666666666666666,470,0.001306400023167953,0.002678200020454824,0.887915500003146,0.3861236572265625,30,30,470,5,
Beef,baseline-1nn-euclidean,raw,knn1,1,0.6666666666666666,470,0.0004446999810170382,0.0016263000143226236,0.595968499983428,0.3861236572265625,30,30,470,5,
Beef,baseline-1nn-euclidean,raw,knn1,2,0.6666666666666666,470,0.0008600999717600644,0.005737100000260398,4.914373600011459,0.39222145080566406,30,30,470,5,
Beef,baseline-raw-logreg,raw,logreg,0,0.9,470,0.0006184000230859965,0.4800106000038795,0.0022398000000976026,1.1257104873657227,30,30,470,5,
Beef,baseline-raw-logreg,raw,logreg,1,0.9,470,0.00037730002077296376,0.28391289999126457,0.003171400021528825,1.1261072158813477,30,30,470,5,
Beef,baseline-raw-logreg,raw,logreg,2,0.9,470,0.00066970000625588,0.3514271999883931,0.0021189000108279288,1.125941276550293,30,30,470,5,
Beef,gasf-features,gaf,logreg,0,0.5,662,156.2473902000056,0.1623898999823723,0.0027873000071849674,96.95358753204346,30,30,470,5,
Beef,gasf-features,gaf,logreg,1,0.5,662,154.47174980002455,0.20356460000039078,0.002258099993923679,96.95367527008057,30,30,470,5,
Beef,gasf-features,gaf,logreg,2,0.5,662,156.00172550001298,0.14623350001056679,0.00248759999522008,96.95358085632324,30,30,470,5,
Beef,gadf-features,gadf,logreg,0,0.5,662,101.95716739998898,0.15199770001345314,0.00258689999463968,96.95353603363037,30,30,470,5,
Beef,gadf-features,gadf,logreg,1,0.5,662,101.82418620001408,0.12653660000069067,0.024745300004724413,96.95344066619873,30,30,470,5,
Beef,gadf-features,gadf,logreg,2,0.5,662,101.13430389997666,0.14513089999672957,0.002357600023970008,96.95914077758789,30,30,470,5,
Beef,mtf-features,mtf,logreg,0,0.3,662,102.59324789998936,0.21482009999454021,0.0023819000052753836,96.95462226867676,30,30,470,5,
Beef,mtf-features,mtf,logreg,1,0.3,662,152.9025567000208,0.3134694999898784,0.027682900021318346,96.95455837249756,30,30,470,5,
Beef,mtf-features,mtf,logreg,2,0.3,662,93.61043610001798,0.198224299994763,0.009747100004460663,96.95358943939209,30,30,470,5,
Beef,rp-features,rp,logreg,0,0.4666666666666667,662,94.23862190000364,0.10207779999473132,0.024613099987618625,96.95402717590332,30,30,470,5,
Beef,rp-features,rp,logreg,1,0.4666666666666667,662,95.45570649998263,0.12080189998960122,0.002142699988326058,96.95469951629639,30,30,470,5,
Beef,rp-features,rp,logreg,2,0.4666666666666667,662,94.40145159998792,0.11125560000073165,0.002525199990486726,96.95388126373291,30,30,470,5,
Beef,ablation-gaf-intensity-only,gaf,logreg,0,0.3333333333333333,6,0.9065293000021484,0.029293500003404915,0.003002200013725087,8.542449951171875,30,30,470,5,
Beef,ablation-gaf-intensity-only,gaf,logreg,1,0.3333333333333333,6,2.8923137999954633,0.07411299998057075,0.001335700013441965,8.542449951171875,30,30,470,5,
Beef,ablation-gaf-intensity-only,gaf,logreg,2,0.3333333333333333,6,2.798083800007589,0.10031169999274425,0.0019813999824691564,8.542449951171875,30,30,470,5,
Beef,ablation-gaf-texture-only,gaf,logreg,0,0.43333333333333335,268,15.770721999986563,0.06815459998324513,0.0033551000233273953,21.354095458984375,30,30,470,5,
Beef,ablation-gaf-texture-only,gaf,logreg,1,0.43333333333333335,268,17.811402600025758,0.05808190000243485,0.022595499991439283,21.354185104370117,30,30,470,5,
Beef,ablation-gaf-texture-only,gaf,logreg,2,0.43333333333333335,268,18.685721800022293,0.09123160000308417,0.0021083000174257904,21.353785514831543,30,30,470,5,
BeetleFly,baseline-1nn-euclidean,raw,knn1,0,0.75,512,0.000703399971826002,0.0030878999968990684,0.8188523999997415,0.2990875244140625,20,20,512,2,
BeetleFly,baseline-1nn-euclidean,raw,knn1,1,0.75,512,0.00038679997669532895,0.0015722000098321587,0.7955247999925632,0.2990875244140625,20,20,512,2,
BeetleFly,baseline-1nn-euclidean,raw,knn1,2,0.75,512,0.0005119000270497054,0.0016415999853052199,0.9504907999944407,0.2990875244140625,20,20,512,2,
BeetleFly,baseline-raw-logreg,raw,logreg,0,0.85,512,0.0004042999935336411,0.04623349997564219,0.0019580999796744436,0.44216251373291016,20,20,512,2,
BeetleFly,baseline-raw-logreg,raw,logreg,1,0.85,512,0.03174770000623539,0.0830054999969434,0.045866600004956126,0.4415750503540039,20,20,512,2,
BeetleFly,baseline-raw-logreg,raw,logreg,2,0.85,512,0.000607599999057129,0.1002742999990005,0.0019324000168126076,0.44136714935302734,20,20,512,2,
BeetleFly,gasf-features,gaf,logreg,0,0.75,662,110.73277999999118,0.1491888000164181,0.002388799999607727,114.84226703643799,20,20,512,2,
BeetleFly,gasf-features,gaf,logreg,1,0.75,662,117.71285890002036,0.04971500000101514,0.0029627000039909035,114.8404655456543,20,20,512,2,
BeetleFly,gasf-features,gaf,logreg,2,0.75,662,118.72509900000296,0.12232970001059584,0.0014854999899398535,114.84090328216553,20,20,512,2,
BeetleFly,gadf-features,gadf,logreg,0,0.9,662,116.14835130001302,0.08710219999193214,0.0023237999994307756,114.84105110168457,20,20,512,2,
BeetleFly,gadf-features,gadf,logreg,1,0.9,662,72.98601049999706,0.07900840000365861,0.0023384999949485064,114.8404369354248,20,20,512,2,
BeetleFly,gadf-features,gadf,logreg,2,0.9,662,74.98655020000297,0.07190979999722913,0.002506699995137751,114.8405351638794,20,20,512,2,
BeetleFly,mtf-features,mtf,logreg,0,0.85,662,73.61176649999106,0.08193270000629127,0.002462999982526526,114.8410530090332,20,20,512,2,
BeetleFly,mtf-features,mtf,logreg,1,0.85,662,72.94815360000939,0.08622070000274107,0.0022936000023037195,114.84153842926025,20,20,512,2,
BeetleFly,mtf-features,mtf,logreg,2,0.85,662,87.66775590000907,0.07643419998930767,0.0024836999946273863,114.8401050567627,20,20,512,2,
BeetleFly,rp-features,rp,logreg,0,0.85,662,130.37419659999432,0.07441819997620769,0.004040699976030737,114.84155368804932,20,20,512,2,
BeetleFly,rp-features,rp,logreg,1,0.85,662,89.45598750002682,0.07194529997650534,0.0023675999836996198,114.84071350097656,20,20,512,2,
BeetleFly,rp-features,rp,logreg,2,0.85,662,89.8193296000245,0.07199450000189245,0.002808799996273592,114.84031581878662,20,20,512,2,
BeetleFly,ablation-gaf-intensity-only,gaf,logreg,0,0.85,6,1.5511750000005122,0.039627699996344745,0.0019199000089429319,10.08428955078125,20,20,512,2,
BeetleFly,ablation-gaf-intensity-only,gaf,logreg,1,0.85,6,1.48720350000076,0.040144700004020706,0.0017263000190723687,10.08428955078125,20,20,512,2,
BeetleFly,ablation-gaf-intensity-only,gaf,logreg,2,0.85,6,0.7108326000161469,0.013982999982545152,0.021304499998223037,10.08428955078125,20,20,512,2,
BeetleFly,ablation-gaf-texture-only,gaf,logreg,0,0.65,268,13.586472000024514,0.04758320000837557,0.0031349000055342913,25.22008991241455,20,20,512,2,
BeetleFly,ablation-gaf-texture-only,gaf,logreg,1,0.65,268,11.965346000011778,0.04312399998889305,0.0027851999911945313,25.22017765045166,20,20,512,2,
BeetleFly,ablation-gaf-texture-only,gaf,logreg,2,0.65,268,12.96642020001309,0.024813399999402463,0.0019804999756161124,25.22026824951172,20,20,512,2,
BirdChicken,baseline-1nn-euclidean,raw,knn1,0,0.55,512,0.0006141999911051244,0.0022521000064443797,1.4258514000102878,0.2990875244140625,20,20,512,2,
BirdChicken,baseline-1nn-euclidean,raw,knn1,1,0.55,512,0.0005528999899979681,0.002081799990264699,0.8277527000172995,0.2990875244140625,20,20,512,2,
BirdChicken,baseline-1nn-euclidean,raw,knn1,2,0.55,512,0.0004011999990325421,0.0017506000003777444,8.165080200007651,0.3329925537109375,20,20,512,2,
BirdChicken,baseline-raw-logreg,raw,logreg,0,0.7,512,0.000610999995842576,0.09580629999982193,0.002243599999928847,0.44086170196533203,20,20,512,2,
BirdChicken,baseline-raw-logreg,raw,logreg,1,0.7,512,0.000840199994854629,0.13322180000250228,0.06181879999348894,0.4405698776245117,20,20,512,2,
BirdChicken,baseline-raw-logreg,raw,logreg,2,0.7,512,0.0007391000108327717,0.14192029999685474,0.0023283000045921654,0.4405374526977539,20,20,512,2,
BirdChicken,gasf-features,gaf,logreg,0,0.75,662,130.59381849999772,0.05580209998879582,0.0028952000138815492,114.83910369873047,20,20,512,2,
BirdChicken,gasf-features,gaf,logreg,1,0.75,662,127.8562689999817,0.11172539999824949,0.010654899990186095,114.84442901611328,20,20,512,2,
BirdChicken,gasf-features,gaf,logreg,2,0.75,662,126.56258810000145,0.09639099999913014,0.002539599983720109,114.84085464477539,20,20,512,2,
BirdChicken,gadf-features,gadf,logreg,0,0.65,662,87.2982125999988,0.047032600006787106,0.0026490000018384308,114.8409595489502,20,20,512,2,
BirdChicken,gadf-features,gadf,logreg,1,0.65,662,76.21368960000109,0.059110800008056685,0.0038419000047724694,114.84021377563477,20,20,512,2,
BirdChicken,gadf-features,gadf,logreg,2,0.65,662,75.1543921000266,0.044978000019909814,0.002417499985313043,114.84013080596924,20,20,512,2,
BirdChicken,mtf-features,mtf,logreg,0,0.7,662,74.51429059999646,0.059407000022474676,0.0024227999965660274,114.84022235870361,20,20,512,2,
BirdChicken,mtf-features,mtf,logreg,1,0.7,662,69.96812740000314,0.04746299999533221,0.0041831999842543155,114.84073829650879,20,20,512,2,
BirdChicken,mtf-features,mtf,logreg,2,0.7,662,101.40112660001614,0.07211680000182241,0.002347699977690354,114.8410120010376,20,20,512,2,
BirdChicken,rp-features,rp,logreg,0,0.8,662,95.09890090001863,0.042194000008748844,0.0017367000109516084,114.83988285064697,20,20,512,2,
BirdChicken,rp-features,rp,logreg,1,0.8,662,98.72067519999109,0.08237709998502396,0.0036484000156633556,114.84057807922363,20,20,512,2,
BirdChicken,rp-features,rp,logreg,2,0.8,662,97.26106670001172,0.07803609999245964,0.002107999986037612,114.8406629562378,20,20,512,2,
BirdChicken,ablation-gaf-intensity-only,gaf,logreg,0,0.5,6,1.1767500000132713,0.04341669997666031,0.001946100004715845,10.08428955078125,20,20,512,2,
BirdChicken,ablation-gaf-intensity-only,gaf,logreg,1,0.5,6,0.9763174000254367,0.037026200006948784,0.0018631999846547842,10.08428955078125,20,20,512,2,
BirdChicken,ablation-gaf-intensity-only,gaf,logreg,2,0.5,6,1.119491499994183,0.03901830001268536,0.0018532000249251723,10.08428955078125,20,20,512,2,
BirdChicken,ablation-gaf-texture-only,gaf,logreg,0,0.9,268,9.816059200005839,0.03667560001485981,0.001931600010721013,25.220443725585938,20,20,512,2,
BirdChicken,ablation-gaf-texture-only,gaf,logreg,1,0.9,268,9.636595499992836,0.028674400004092604,0.0020197999838273972,25.22026824951172,20,20,512,2,
BirdChicken,ablation-gaf-texture-only,gaf,logreg,2,0.9,268,9.601153900002828,0.043586400017375126,0.0019357999844942242,25.220223426818848,20,20,512,2,
CBF,baseline-1nn-euclidean,raw,knn1,0,0.8522222222222222,128,0.0015457999834325165,0.0027088999922852963,0.4240631000138819,1.8719635009765625,30,900,128,3,
CBF,baseline-1nn-euclidean,raw,knn1,1,0.8522222222222222,128,0.001877800008514896,0.0025621000095270574,0.4149772000091616,1.8719635009765625,30,900,128,3,
CBF,baseline-1nn-euclidean,raw,knn1,2,0.8522222222222222,128,0.0014823999954387546,0.0025756999966688454,0.29710950001026504,1.8719635009765625,30,900,128,3,
CBF,baseline-raw-logreg,raw,logreg,0,0.8488888888888889,128,0.0015039000136312097,0.06636450000223704,0.0032343000057153404,1.8969793319702148,30,900,128,3,
CBF,baseline-raw-logreg,raw,logreg,1,0.8488888888888889,128,0.0027230000123381615,0.09557659999700263,0.0034844999900087714,1.8966875076293945,30,900,128,3,
CBF,baseline-raw-logreg,raw,logreg,2,0.8488888888888889,128,0.0015191000129561871,0.07520920000388287,0.03278469998622313,1.8970880508422852,30,900,128,3,
CBF,gasf-features,gaf,logreg,0,0.5566666666666666,662,109.96134199999506,0.06498869997449219,0.010513900022488087,12.859606742858887,30,900,128,3,
CBF,gasf-features,gaf,logreg,1,0.5566666666666666,662,108.91311210001004,0.06887440002174117,0.11639670000295155,12.857877731323242,30,900,128,3,
CBF,gasf-features,gaf,logreg,2,0.5566666666666666,662,109.76817460000166,0.06361919999471866,0.011212000012164935,12.859493255615234,30,900,128,3,
CBF,gadf-features,gadf,logreg,0,0.7411111111111112,662,110.02281729999231,0.11826300001121126,0.03655069999513216,12.859062194824219,30,900,128,3,
CBF,gadf-features,gadf,logreg,1,0.7411111111111112,662,128.2002974000061,0.0913769000035245,0.016099899978144094,12.858566284179688,30,900,128,3,
CBF,gadf-features,gadf,logreg,2,0.7411111111111112,662,126.21900190002634,0.12052879997645505,0.010717500001192093,12.855265617370605,30,900,128,3,
CBF,mtf-features,mtf,logreg,0,0.5633333333333334,662,129.4064305999782,0.07985850001568906,0.026241500017931685,12.857876777648926,30,900,128,3,
CBF,mtf-features,mtf,logreg,1,0.5633333333333334,662,129.1429388000106,0.10267110000131652,0.011422200012020767,12.85863971710205,30,900,128,3,
CBF,mtf-features,mtf,logreg,2,0.5633333333333334,662,119.30297230000724,0.10704679999616928,0.02743800001917407,12.859210968017578,30,900,128,3,
CBF,rp-features,rp,logreg,0,0.69,662,117.99758769999607,0.09810500001185574,0.03439079999225214,12.859703063964844,30,900,128,3,
CBF,rp-features,rp,logreg,1,0.69,662,119.12595950000104,0.09965849999571219,0.03232170001138002,12.859938621520996,30,900,128,3,
CBF,rp-features,rp,logreg,2,0.69,662,117.3506967999856,0.07647739999811165,0.029841500014299527,12.859596252441406,30,900,128,3,
CBF,ablation-gaf-intensity-only,gaf,logreg,0,0.5533333333333333,6,0.8590393000049517,0.02923619997454807,0.0015081000165082514,1.84466552734375,30,900,128,3,
CBF,ablation-gaf-intensity-only,gaf,logreg,1,0.5533333333333333,6,0.715643600007752,0.06765799998538569,0.0027711000002454966,1.84466552734375,30,900,128,3,
CBF,ablation-gaf-intensity-only,gaf,logreg,2,0.5533333333333333,6,1.4233126000035554,0.07858140001189895,0.0023416999902110547,1.84466552734375,30,900,128,3,
CBF,ablation-gaf-texture-only,gaf,logreg,0,0.46111111111111114,268,14.164641600014875,0.05579019998549484,0.006578900007298216,4.463223457336426,30,900,128,3,
CBF,ablation-gaf-texture-only,gaf,logreg,1,0.46111111111111114,268,12.019607900001574,0.06176400001277216,0.005126599979121238,4.4632673263549805,30,900,128,3,
CBF,ablation-gaf-texture-only,gaf,logreg,2,0.46111111111111114,268,12.004909400013275,0.07082339999033138,0.004949099995428696,4.464554786682129,30,900,128,3,
Chinatown,baseline-1nn-euclidean,raw,knn1,0,0.9533527696793003,24,0.0006962000043131411,0.017140200012363493,0.3869659999909345,0.20131683349609375,20,343,24,2,
Chinatown,baseline-1nn-euclidean,raw,knn1,1,0.9533527696793003,24,0.001508999994257465,0.0026771000120788813,0.2680480999988504,0.20131683349609375,20,343,24,2,
Chinatown,baseline-1nn-euclidean,raw,knn1,2,0.9533527696793003,24,0.0003381000133231282,0.001444099994841963,0.2866714999836404,0.20131683349609375,20,343,24,2,
Chinatown,baseline-raw-logreg,raw,logreg,0,0.9795918367346939,24,0.0006267999997362494,0.03298690001247451,0.0017783999792300165,0.20619487762451172,20,343,24,2,
Chinatown,baseline-raw-logreg,raw,logreg,1,0.9795918367346939,24,0.0004582999972626567,0.028782400011550635,0.0019136000191792846,0.2060556411743164,20,343,24,2,
Chinatown,baseline-raw-logreg,raw,logreg,2,0.9795918367346939,24,0.0019090999849140644,0.03408090001903474,0.0018220000201836228,0.2053213119506836,20,343,24,2,
Chinatown,gasf-features,gaf,logreg,0,0.8396501457725948,662,7.8302969000069425,0.03209249998326413,0.004865800001425669,3.769345283508301,20,343,24,2,
Chinatown,gasf-features,gaf,logreg,1,0.8396501457725948,662,7.212387500010664,0.02284620000864379,0.006102099985582754,3.7673892974853516,20,343,24,2,
Chinatown,gasf-features,gaf,logreg,2,0.8396501457725948,662,14.144040199986193,0.03243659998406656,0.004557900014333427,3.7641963958740234,20,343,24,2,
Chinatown,gadf-features,gadf,logreg,0,0.7463556851311953,662,11.60542420001002,0.06516939998255111,0.00585390001651831,3.7665205001831055,20,343,24,2,
Chinatown,gadf-features,gadf,logreg,1,0.7463556851311953,662,6.5050736000121105,0.036060199985513464,0.005510799994226545,3.7668609619140625,20,343,24,2,
Chinatown,gadf-features,gadf,logreg,2,0.7463556851311953,662,9.233083500002977,0.02802470000460744,0.004625900008250028,3.7661495208740234,20,343,24,2,
Chinatown,mtf-features,mtf,logreg,0,0.7317784256559767,662,11.920092399988789,0.04040659999009222,0.009613600006559864,3.76790714263916,20,343,24,2,
Chinatown,mtf-features,mtf,logreg,1,0.7317784256559767,662,12.097321499983082,0.04433800000697374,0.005923799995798618,3.7665586471557617,20,343,24,2,
Chinatown,mtf-features,mtf,logreg,2,0.7317784256559767,662,10.567605799995363,0.034634499985259026,0.004891599994152784,3.7647666931152344,20,343,24,2,
Chinatown,rp-features,rp,logreg,0,0.6647230320699709,662,12.578703500010306,0.06079940000199713,0.0074576000042725354,3.7663745880126953,20,343,24,2,
Chinatown,rp-features,rp,logreg,1,0.6647230320699709,662,11.849284800002351,0.03749509999761358,0.004828700009966269,3.7671985626220703,20,343,24,2,
Chinatown,rp-features,rp,logreg,2,0.6647230320699709,662,9.347384499997133,0.023275599989574403,0.023183100012829527,3.766500473022461,20,343,24,2,
Chinatown,ablation-gaf-intensity-only,gaf,logreg,0,0.8192419825072886,6,0.3261138999951072,0.04755230000591837,0.0019387999782338738,0.19919586181640625,20,343,24,2,
Chinatown,ablation-gaf-intensity-only,gaf,logreg,1,0.8192419825072886,6,0.23127970000496134,0.03965819999575615,0.002134600013960153,0.19919586181640625,20,343,24,2,
Chinatown,ablation-gaf-intensity-only,gaf,logreg,2,0.8192419825072886,6,0.2173054000013508,0.02953890000935644,0.0030473999795503914,0.19919586181640625,20,343,24,2,
Chinatown,ablation-gaf-texture-only,gaf,logreg,0,0.6967930029154519,268,2.4916170999931637,0.03435289999470115,0.0029494999907910824,1.5676050186157227,20,343,24,2,
Chinatown,ablation-gaf-texture-only,gaf,logreg,1,0.6967930029154519,268,3.014288900012616,0.03167070000199601,0.0031344000017270446,1.568282127380371,20,343,24,2,
Chinatown,ablation-gaf-texture-only,gaf,logreg,2,0.6967930029154519,268,4.022821099992143,0.027813499997137114,0.03457439999328926,1.5672292709350586,20,343,24,2,
Coffee,baseline-1nn-euclidean,raw,knn1,0,1.0,286,0.0007556999917142093,0.0023720999888610095,0.5660597999813035,0.2467803955078125,28,28,286,2,
Coffee,baseline-1nn-euclidean,raw,knn1,1,1.0,286,0.0005743000074289739,0.0022951000137254596,0.5018643999937922,0.2467803955078125,28,28,286,2,
Coffee,baseline-1nn-euclidean,raw,knn1,2,1.0,286,0.0006759999960195273,0.002134199981810525,0.5129111999995075,0.2467803955078125,28,28,286,2,
Coffee,baseline-raw-logreg,raw,logreg,0,1.0,286,0.0005510000046342611,0.03636759999790229,0.0020349000114947557,0.32769298553466797,28,28,286,2,
Coffee,baseline-raw-logreg,raw,logreg,1,1.0,286,0.0007512000156566501,0.05231969998567365,0.002045800007181242,0.3270120620727539,28,28,286,2,
Coffee,baseline-raw-logreg,raw,logreg,2,1.0,286,0.000548599986359477,0.0363943999982439,0.012619399989489466,0.32717227935791016,28,28,286,2,
Coffee,gasf-features,gaf,logreg,0,1.0,662,46.38850399997318,0.06492330000037327,0.0023567999887745827,36.108168601989746,28,28,286,2,
Coffee,gasf-features,gaf,logreg,1,1.0,662,35.065511900000274,0.07102230002055876,0.002262699999846518,36.11285209655762,28,28,286,2,
Coffee,gasf-features,gaf,logreg,2,1.0,662,47.87628319999203,0.08226200001081452,0.0025483999925199896,36.108168601989746,28,28,286,2,
Coffee,gadf-features,gadf,logreg,0,0.9285714285714286,662,33.964504500007024,0.0746993999928236,0.00248170000850223,36.11177158355713,28,28,286,2,
Coffee,gadf-features,gadf,logreg,1,0.9285714285714286,662,50.66489310000907,0.029834499990101904,0.0030839999963063747,36.11118221282959,28,28,286,2,
Coffee,gadf-features,gadf,logreg,2,0.9285714285714286,662,50.358932000002824,0.0664538000128232,0.0014807000115979463,36.1112060546875,28,28,286,2,
Coffee,mtf-features,mtf,logreg,0,0.75,662,35.79022900000564,0.07922720001079142,0.0027731999871321023,36.111464500427246,28,28,286,2,
Coffee,mtf-features,mtf,logreg,1,0.75,662,35.57396150002023,0.0719620999880135,0.002630000002682209,36.111799240112305,28,28,286,2,
Coffee,mtf-features,mtf,logreg,2,0.75,662,39.543611999979476,0.066046300024027,0.002297700004419312,36.11138439178467,28,28,286,2,
Coffee,rp-features,rp,logreg,0,0.9285714285714286,662,39.98287820001133,0.05479720002040267,0.0027157000149600208,36.112223625183105,28,28,286,2,
Coffee,rp-features,rp,logreg,1,0.9285714285714286,662,41.876621599978535,0.04785570001695305,0.002599200000986457,36.11094856262207,28,28,286,2,
Coffee,rp-features,rp,logreg,2,0.9285714285714286,662,42.25086930001271,0.05110460001742467,0.0207663000037428,36.111477851867676,28,28,286,2,
Coffee,ablation-gaf-intensity-only,gaf,logreg,0,0.5714285714285714,6,0.5414202000247315,0.06153390000690706,0.0019228000019211322,3.189178466796875,28,28,286,2,
Coffee,ablation-gaf-intensity-only,gaf,logreg,1,0.5714285714285714,6,0.5770976999774575,0.10441040000296198,0.0026988000026904047,3.189178466796875,28,28,286,2,
Coffee,ablation-gaf-intensity-only,gaf,logreg,2,0.5714285714285714,6,0.5940385999856517,0.06491710001137108,0.003180900006555021,3.189178466796875,28,28,286,2,
Coffee,ablation-gaf-texture-only,gaf,logreg,0,0.7142857142857143,268,2.882439399982104,0.02299920000950806,0.03525729998364113,8.01464557647705,28,28,286,2,
Coffee,ablation-gaf-texture-only,gaf,logreg,1,0.7142857142857143,268,2.756279299996095,0.03918100000009872,0.003618900023866445,8.013270378112793,28,28,286,2,
Coffee,ablation-gaf-texture-only,gaf,logreg,2,0.7142857142857143,268,4.103032899991376,0.01850510001531802,0.0019961000070907176,8.013270378112793,28,28,286,2,
DiatomSizeReduction,baseline-1nn-euclidean,raw,knn1,0,0.934640522875817,345,0.002550000004703179,0.052370899997185916,0.7645803999912459,1.7222824096679688,16,306,345,4,
DiatomSizeReduction,baseline-1nn-euclidean,raw,knn1,1,0.934640522875817,345,0.00165049999486655,0.001550700020743534,0.8971056999871507,1.7222824096679688,16,306,345,4,
DiatomSizeReduction,baseline-1nn-euclidean,raw,knn1,2,0.934640522875817,345,0.0027246999961789697,0.002664100000401959,0.664155699982075,1.7222824096679688,16,306,345,4,
DiatomSizeReduction,baseline-raw-logreg,raw,logreg,0,0.9477124183006536,345,0.001140499982284382,0.10892690002219751,0.02585679999901913,1.7899465560913086,16,306,345,4,
DiatomSizeReduction,baseline-raw-logreg,raw,logreg,1,0.9477124183006536,345,0.001600399991730228,0.14046560000861064,0.0030168000084813684,1.787642478942871,16,306,345,4,
DiatomSizeReduction,baseline-raw-logreg,raw,logreg,2,0.9477124183006536,345,0.00197950002620928,0.12272300000768155,0.02545079999254085,1.7878007888793945,16,306,345,4,
DiatomSizeReduction,gasf-features,gaf,logreg,0,0.9183006535947712,662,211.56377259999863,0.060957100009545684,0.008839699992677197,54.49857425689697,16,306,345,4,
DiatomSizeReduction,gasf-features,gaf,logreg,1,0.9183006535947712,662,213.45482089999132,0.06464940001023933,0.0034238999942317605,54.499454498291016,16,306,345,4,
DiatomSizeReduction,gasf-features,gaf,logreg,2,0.9183006535947712,662,212.6457632999809,0.06392340001184493,0.005264899984467775,54.49691104888916,16,306,345,4,
DiatomSizeReduction,gadf-features,gadf,logreg,0,0.9640522875816994,662,210.3203807999962,0.0550844999961555,0.005931699997745454,54.494812965393066,16,306,345,4,
DiatomSizeReduction,gadf-features,gadf,logreg,1,0.9640522875816994,662,186.66494559997227,0.05820810000295751,0.005543700011912733,54.49747180938721,16,306,345,4,
DiatomSizeReduction,gadf-features,gadf,logreg,2,0.9640522875816994,662,186.09932590002427,0.055772699997760355,0.0062572000024374574,54.50191879272461,16,306,345,4,
DiatomSizeReduction,mtf-features,mtf,logreg,0,0.6928104575163399,662,186.50858379999408,0.14146230000187643,0.005556700023589656,54.498355865478516,16,306,345,4,
DiatomSizeReduction,mtf-features,mtf,logreg,1,0.6928104575163399,662,186.3550094999955,0.13719989999663085,0.006788099999539554,54.49837779998779,16,306,345,4,
DiatomSizeReduction,mtf-features,mtf,logreg,2,0.6928104575163399,662,107.11169009999139,0.09202020001248457,0.005858500022441149,54.497352600097656,16,306,345,4,
DiatomSizeReduction,rp-features,rp,logreg,0,0.9019607843137255,662,109.00424559999374,0.08113220002269372,0.005407499993452802,54.49935817718506,16,306,345,4,
DiatomSizeReduction,rp-features,rp,logreg,1,0.9019607843137255,662,109.28114950002055,0.04854029999114573,0.003914300003089011,54.497928619384766,16,306,345,4,
DiatomSizeReduction,rp-features,rp,logreg,2,0.9019607843137255,662,106.57597349997377,0.05044739998993464,0.0052041000162716955,54.49502754211426,16,306,345,4,
DiatomSizeReduction,ablation-gaf-intensity-only,gaf,logreg,0,0.5065359477124183,6,0.8196586999983992,0.026266900007613003,0.002376400021603331,5.397666931152344,16,306,345,4,
DiatomSizeReduction,ablation-gaf-intensity-only,gaf,logreg,1,0.5065359477124183,6,0.9544541999930516,0.02920379998977296,0.0023778000031597912,5.397666931152344,16,306,345,4,
DiatomSizeReduction,ablation-gaf-intensity-only,gaf,logreg,2,0.5065359477124183,6,0.8894624999957159,0.027912599995033816,0.003834700008155778,5.397666931152344,16,306,345,4,
DiatomSizeReduction,ablation-gaf-texture-only,gaf,logreg,0,0.8725490196078431,268,16.961278000002494,0.04959249999956228,0.003493500000331551,12.88994026184082,16,306,345,4,
DiatomSizeReduction,ablation-gaf-texture-only,gaf,logreg,1,0.8725490196078431,268,15.316859599988675,0.05541790000279434,0.004054499993799254,12.88994026184082,16,306,345,4,
DiatomSizeReduction,ablation-gaf-texture-only,gaf,logreg,2,0.8725490196078431,268,16.631076899997424,0.05172099999617785,0.003940499998861924,12.890250205993652,16,306,345,4,
DistalPhalanxOutlineAgeGroup,baseline-1nn-euclidean,raw,knn1,0,0.6258992805755396,80,0.0013303000014275312,0.006822199997259304,0.042422099999384955,0.5612030029296875,400,139,80,3,
DistalPhalanxOutlineAgeGroup,baseline-1nn-euclidean,raw,knn1,1,0.6258992805755396,80,0.0013522000226657838,0.0038342000043485314,0.02547900000354275,0.5612030029296875,400,139,80,3,
DistalPhalanxOutlineAgeGroup,baseline-1nn-euclidean,raw,knn1,2,0.6258992805755396,80,0.0009323999984189868,0.004660299979150295,0.07623030000831932,0.5612030029296875,400,139,80,3,
DistalPhalanxOutlineAgeGroup,baseline-raw-logreg,raw,logreg,0,0.6906474820143885,80,0.0009915000118780881,0.17821519999415614,0.002433000016026199,0.7384347915649414,400,139,80,3,
DistalPhalanxOutlineAgeGroup,baseline-raw-logreg,raw,logreg,1,0.6906474820143885,80,0.0022151999874040484,0.18213030000333674,0.002934500022092834,0.7377939224243164,400,139,80,3,
DistalPhalanxOutlineAgeGroup,baseline-raw-logreg,raw,logreg,2,0.6906474820143885,80,0.0009123999916482717,0.17500409999047406,0.002639200014527887,0.7387552261352539,400,139,80,3,
DistalPhalanxOutlineAgeGroup,gasf-features,gaf,logreg,0,0.6474820143884892,662,20.1998709999898,0.2904281000082847,0.004202200012514368,5.639767646789551,400,139,80,3,
DistalPhalanxOutlineAgeGroup,gasf-features,gaf,logreg,1,0.6474820143884892,662,20.654344999988098,0.26338059999397956,0.003684299997985363,5.636672019958496,400,139,80,3,
DistalPhalanxOutlineAgeGroup,gasf-features,gaf,logreg,2,0.6474820143884892,662,21.067551099986304,0.27643639998859726,0.005154300015419722,5.636735916137695,400,139,80,3,
DistalPhalanxOutlineAgeGroup,gadf-features,gadf,logreg,0,0.697841726618705,662,20.705471499997657,0.28999109999858774,0.003145299997413531,5.636626243591309,400,139,80,3,
DistalPhalanxOutlineAgeGroup,gadf-features,gadf,logreg,1,0.697841726618705,662,21.167061999993166,0.38495499998680316,0.005398100009188056,5.637351989746094,400,139,80,3,
DistalPhalanxOutlineAgeGroup,gadf-features,gadf,logreg,2,0.697841726618705,662,20.577370000013616,0.2980993000091985,0.002933099982328713,5.63677978515625,400,139,80,3,
DistalPhalanxOutlineAgeGroup,mtf-features,mtf,logreg,0,0.6762589928057554,662,21.38916479999898,0.33379119998426177,0.0035351999977137893,5.637138366699219,400,139,80,3,
DistalPhalanxOutlineAgeGroup,mtf-features,mtf,logreg,1,0.6762589928057554,662,21.21713680002722,0.34605069999815896,0.003443699999479577,5.636462211608887,400,139,80,3,
DistalPhalanxOutlineAgeGroup,mtf-features,mtf,logreg,2,0.6762589928057554,662,20.786242600006517,0.3644776000001002,0.0030617000011261553,5.636857032775879,400,139,80,3,
DistalPhalanxOutlineAgeGroup,rp-features,rp,logreg,0,0.6402877697841727,662,20.454045999998925,0.26724319998174906,0.0038395000156015158,5.636061668395996,400,139,80,3,
DistalPhalanxOutlineAgeGroup,rp-features,rp,logreg,1,0.6402877697841727,662,20.751304900011746,0.3799668999854475,0.003528600005665794,5.636191368103027,400,139,80,3,
DistalPhalanxOutlineAgeGroup,rp-features,rp,logreg,2,0.6402877697841727,662,21.202257400000235,0.30743499999516644,0.0035812999994959682,5.637456893920898,400,139,80,3,
DistalPhalanxOutlineAgeGroup,ablation-gaf-intensity-only,gaf,logreg,0,0.7338129496402878,6,0.25800480000907555,0.04146219999529421,0.001958199980435893,0.5612030029296875,400,139,80,3,
DistalPhalanxOutlineAgeGroup,ablation-gaf-intensity-only,gaf,logreg,1,0.7338129496402878,6,0.25177490001078695,0.041639800008852035,0.0023612999939359725,0.5612030029296875,400,139,80,3,
DistalPhalanxOutlineAgeGroup,ablation-gaf-intensity-only,gaf,logreg,2,0.7338129496402878,6,0.2510703000007197,0.039990599994780496,0.002466999983880669,0.5612030029296875,400,139,80,3,
DistalPhalanxOutlineAgeGroup,ablation-gaf-texture-only,gaf,logreg,0,0.60431654676259,268,3.9972000000125263,0.18639779998920858,0.0029996999946888536,2.293703079223633,400,139,80,3,
DistalPhalanxOutlineAgeGroup,ablation-gaf-texture-only,gaf,logreg,1,0.60431654676259,268,3.775346399983391,0.1931419000029564,0.0028717999812215567,2.2938766479492188,400,139,80,3,
DistalPhalanxOutlineAgeGroup,ablation-gaf-texture-only,gaf,logreg,2,0.60431654676259,268,3.8465331999759655,0.20015359998797067,0.0030541000014636666,2.2938756942749023,400,139,80,3,
DistalPhalanxOutlineCorrect,baseline-1nn-euclidean,raw,knn1,0,0.717391304347826,80,0.0009962999902199954,0.002889700001105666,0.041232500021578744,0.8099212646484375,600,276,80,2,
DistalPhalanxOutlineCorrect,baseline-1nn-euclidean,raw,knn1,1,0.717391304347826,80,0.0016920999914873391,0.0027479999989736825,0.03752569999778643,0.8099212646484375,600,276,80,2,
DistalPhalanxOutlineCorrect,baseline-1nn-euclidean,raw,knn1,2,0.717391304347826,80,0.0006986999942455441,0.0022470999974757433,0.02795950000290759,0.8099212646484375,600,276,80,2,
DistalPhalanxOutlineCorrect,baseline-raw-logreg,raw,logreg,0,0.6521739130434783,80,0.00112900001113303,0.09519550000550225,0.0024956000270321965,1.1493940353393555,600,276,80,2,
DistalPhalanxOutlineCorrect,baseline-raw-logreg,raw,logreg,1,0.6521739130434783,80,0.0011580999998841435,0.09686059999512509,0.0021423999860417098,1.1493940353393555,600,276,80,2,
DistalPhalanxOutlineCorrect,baseline-raw-logreg,raw,logreg,2,0.6521739130434783,80,0.0013266000023577362,0.09038320000399835,0.002808799996273592,1.1493940353393555,600,276,80,2,
DistalPhalanxOutlineCorrect,gasf-features,gaf,logreg,0,0.677536231884058,662,32.26937959998031,0.1871448000019882,0.003337000001920387,8.952290534973145,600,276,80,2,
DistalPhalanxOutlineCorrect,gasf-features,gaf,logreg,1,0.677536231884058,662,32.20682200000738,0.18199129999266006,0.003252399998018518,8.954510688781738,600,276,80,2,
DistalPhalanxOutlineCorrect,gasf-features,gaf,logreg,2,0.677536231884058,662,31.437030300003244,0.1678879999963101,0.003108100005192682,8.95390796661377,600,276,80,2,
DistalPhalanxOutlineCorrect,gadf-features,gadf,logreg,0,0.7028985507246377,662,31.442788199987262,0.1666669999831356,0.003177699982188642,8.954483032226562,600,276,80,2,
DistalPhalanxOutlineCorrect,gadf-features,gadf,logreg,1,0.7028985507246377,662,28.741875899984734,0.15355089999502525,0.0050743999890983105,8.958632469177246,600,276,80,2,
DistalPhalanxOutlineCorrect,gadf-features,gadf,logreg,2,0.7028985507246377,662,28.28946060000453,0.1391771000053268,0.004449900006875396,8.952860832214355,600,276,80,2,
DistalPhalanxOutlineCorrect,mtf-features,mtf,logreg,0,0.677536231884058,662,29.444624099996872,0.13390529999742284,0.003829499997664243,8.953757286071777,600,276,80,2,
DistalPhalanxOutlineCorrect,mtf-features,mtf,logreg,1,0.677536231884058,662,29.710409899998922,0.125973200018052,0.0044781999895349145,8.95352840423584,600,276,80,2,
DistalPhalanxOutlineCorrect,mtf-features,mtf,logreg,2,0.677536231884058,662,28.840854400012176,0.13158120002481155,0.004577099985908717,8.953577995300293,600,276,80,2,
DistalPhalanxOutlineCorrect,rp-features,rp,logreg,0,0.7318840579710145,662,28.22560489998432,0.1349884999799542,0.0030135999841149896,8.952204704284668,600,276,80,2,
DistalPhalanxOutlineCorrect,rp-features,rp,logreg,1,0.7318840579710145,662,28.438093900011154,0.1313357999897562,0.004798700014362112,8.954507827758789,600,276,80,2,
DistalPhalanxOutlineCorrect,rp-features,rp,logreg,2,0.7318840579710145,662,28.052175099990563,0.14531669998541474,0.005444000009447336,8.954568862915039,600,276,80,2,
DistalPhalanxOutlineCorrect,ablation-gaf-intensity-only,gaf,logreg,0,0.5615942028985508,6,0.37430339999264106,0.02690890000667423,0.001954400009708479,0.8099212646484375,600,276,80,2,
DistalPhalanxOutlineCorrect,ablation-gaf-intensity-only,gaf,logreg,1,0.5615942028985508,6,0.36071999999694526,0.024099100002786145,0.0011634999827947468,0.8099212646484375,600,276,80,2,
DistalPhalanxOutlineCorrect,ablation-gaf-intensity-only,gaf,logreg,2,0.5615942028985508,6,0.3488245999906212,0.024853199982317165,0.002253199985716492,0.8099212646484375,600,276,80,2,
DistalPhalanxOutlineCorrect,ablation-gaf-texture-only,gaf,logreg,0,0.6557971014492754,268,5.743149000016274,0.09353370001190342,0.002192200015997514,3.669384002685547,600,276,80,2,
DistalPhalanxOutlineCorrect,ablation-gaf-texture-only,gaf,logreg,1,0.6557971014492754,268,5.89930849999655,0.09882830001879483,0.0017099999822676182,3.669692039489746,600,276,80,2,
DistalPhalanxOutlineCorrect,ablation-gaf-texture-only,gaf,logreg,2,0.6557971014492754,268,5.065666499984218,0.08262229998945259,0.0034045999927911907,3.6694259643554688,600,276,80,2,
DistalPhalanxTW,baseline-1nn-euclidean,raw,knn1,0,0.6330935251798561,80,0.0010467999964021146,0.0028464000206440687,0.015476400003535673,0.5612030029296875,400,139,80,6,
DistalPhalanxTW,baseline-1nn-euclidean,raw,knn1,1,0.6330935251798561,80,0.0004889000265393406,0.001953800005139783,0.012082999979611486,0.5612030029296875,400,139,80,6,
DistalPhalanxTW,baseline-1nn-euclidean,raw,knn1,2,0.6330935251798561,80,0.0005082999996375293,0.001908399979583919,0.015329000016208738,0.5612030029296875,400,139,80,6,
DistalPhalanxTW,baseline-raw-logreg,raw,logreg,0,0.6258992805755396,80,0.0005030999891459942,0.20077359999413602,0.0011778000043705106,0.8042764663696289,400,139,80,6,
DistalPhalanxTW,baseline-raw-logreg,raw,logreg,1,0.6258992805755396,80,0.0010192999907303602,0.21189830001094379,0.0018005000019911677,0.8044347763061523,400,139,80,6,
DistalPhalanxTW,baseline-raw-logreg,raw,logreg,2,0.6258992805755396,80,0.0006701000093016773,0.21276610001223162,0.0019536000036168844,0.8053903579711914,400,139,80,6,
DistalPhalanxTW,gasf-features,gaf,logreg,0,0.6187050359712231,662,17.117903000005754,0.45686740000382997,0.002801300026476383,6.110726356506348,400,139,80,6,
DistalPhalanxTW,gasf-features,gaf,logreg,1,0.6187050359712231,662,16.90336070000194,0.4446287999744527,0.0025692999770399183,6.111971855163574,400,139,80,6,
DistalPhalanxTW,gasf-features,gaf,logreg,2,0.6187050359712231,662,17.14794840000104,0.4564438999805134,0.00333810001029633,6.11027717590332,400,139,80,6,
DistalPhalanxTW,gadf-features,gadf,logreg,0,0.60431654676259,662,16.940646600007312,0.35530379999545403,0.0027446000021882355,6.110827445983887,400,139,80,6,
DistalPhalanxTW,gadf-features,gadf,logreg,1,0.60431654676259,662,17.220079499995336,0.3597173999878578,0.004463799996301532,6.108748435974121,400,139,80,6,
DistalPhalanxTW,gadf-features,gadf,logreg,2,0.60431654676259,662,17.27490140000009,0.3553099000127986,0.00242829998023808,6.110563278198242,400,139,80,6,
DistalPhalanxTW,mtf-features,mtf,logreg,0,0.5467625899280576,662,17.948035400011577,0.40539920001174323,0.0025613000034354627,6.111225128173828,400,139,80,6,
DistalPhalanxTW,mtf-features,mtf,logreg,1,0.5467625899280576,662,17.87155189999612,0.43034640001133084,0.003800699982093647,6.111231803894043,400,139,80,6,
DistalPhalanxTW,mtf-features,mtf,logreg,2,0.5467625899280576,662,18.750838500011014,0.46959019999485463,0.004003899986855686,6.110543251037598,400,139,80,6,
DistalPhalanxTW,rp-features,rp,logreg,0,0.6402877697841727,662,18.41150660000858,0.5146836999920197,0.004243999981554225,6.110663414001465,400,139,80,6,
DistalPhalanxTW,rp-features,rp,logreg,1,0.6402877697841727,662,18.48276720001013,0.5324659000034444,0.004970199981471524,6.11149787902832,400,139,80,6,
DistalPhalanxTW,rp-features,rp,logreg,2,0.6402877697841727,662,18.020724700007122,0.884938900009729,0.0038357999874278903,6.110081672668457,400,139,80,6,
DistalPhalanxTW,ablation-gaf-intensity-only,gaf,logreg,0,0.6330935251798561,6,0.2511009000008926,0.05061579999164678,0.0018416999955661595,0.5612030029296875,400,139,80,6,
DistalPhalanxTW,ablation-gaf-intensity-only,gaf,logreg,1,0.6330935251798561,6,0.24632999999448657,0.05166360002476722,0.002382600010605529,0.5612030029296875,400,139,80,6,
DistalPhalanxTW,ablation-gaf-intensity-only,gaf,logreg,2,0.6330935251798561,6,0.23361100000329316,0.049569099996006116,0.0021741999953519553,0.5612030029296875,400,139,80,6,
DistalPhalanxTW,ablation-gaf-texture-only,gaf,logreg,0,0.5539568345323741,268,3.6341076999960933,0.24444839998614043,0.0026824999949894845,2.517746925354004,400,139,80,6,
DistalPhalanxTW,ablation-gaf-texture-only,gaf,logreg,1,0.5539568345323741,268,3.5582368000177667,0.24297439999645576,0.0021622999920509756,2.5173845291137695,400,139,80,6,
DistalPhalanxTW,ablation-gaf-texture-only,gaf,logreg,2,0.5539568345323741,268,3.5320301999745425,0.23966920000384562,0.001987700001336634,2.518692970275879,400,139,80,6,
ECG200,baseline-1nn-euclidean,raw,knn1,0,0.88,96,0.0008020999957807362,0.003273800015449524,0.015214000013656914,0.2860260009765625,100,100,96,2,
ECG200,baseline-1nn-euclidean,raw,knn1,1,0.88,96,0.00066970000625588,0.0028396999987307936,0.017232900019735098,0.2860260009765625,100,100,96,2,
ECG200,baseline-1nn-euclidean,raw,knn1,2,0.88,96,0.0005392000020947307,0.0023193999950308353,0.012552400003187358,0.2860260009765625,100,100,96,2,
ECG200,baseline-raw-logreg,raw,logreg,0,0.84,96,0.0005019000091124326,0.04085680001298897,0.003102200018474832,0.3698892593383789,100,100,96,2,
ECG200,baseline-raw-logreg,raw,logreg,1,0.84,96,0.0005230999959167093,0.04929150000680238,0.002959700010251254,0.3702402114868164,100,100,96,2,
ECG200,baseline-raw-logreg,raw,logreg,2,0.84,96,0.0007210999901872128,0.046057700004894286,0.002116299991030246,0.37015247344970703,100,100,96,2,
ECG200,gasf-features,gaf,logreg,0,0.69,662,8.54468329998781,0.0518263999838382,0.003519000019878149,5.140891075134277,100,100,96,2,
ECG200,gasf-features,gaf,logreg,1,0.69,662,8.372471000009682,0.04733739999937825,0.003340600000228733,5.139799118041992,100,100,96,2,
ECG200,gasf-features,gaf,logreg,2,0.69,662,8.426438900001813,0.042567299999063835,0.0028049999964423478,5.136664390563965,100,100,96,2,
ECG200,gadf-features,gadf,logreg,0,0.69,662,8.132921000011265,0.047868499998003244,0.004576000006636605,5.138855934143066,100,100,96,2,
ECG200,gadf-features,gadf,logreg,1,0.69,662,8.854704900004435,0.04441949998727068,0.003382800001418218,5.140715599060059,100,100,96,2,
ECG200,gadf-features,gadf,logreg,2,0.69,662,9.400757900002645,0.0488457000174094,0.003489499998977408,5.140039443969727,100,100,96,2,
ECG200,mtf-features,mtf,logreg,0,0.67,662,7.972518700000364,0.04324320002342574,0.003802499995799735,5.137049674987793,100,100,96,2,
ECG200,mtf-features,mtf,logreg,1,0.67,662,8.116651999996975,0.049785599985625595,0.0032936000206973404,5.1405792236328125,100,100,96,2,
ECG200,mtf-features,mtf,logreg,2,0.67,662,8.97698480001418,0.04471469999407418,0.003208900016034022,5.139439582824707,100,100,96,2,
ECG200,rp-features,rp,logreg,0,0.7,662,8.044840599992312,0.05994840001221746,0.0040129999979399145,5.141124725341797,100,100,96,2,
ECG200,rp-features,rp,logreg,1,0.7,662,9.528044000006048,0.07016730000032112,0.0031139000202529132,5.139893531799316,100,100,96,2,
ECG200,rp-features,rp,logreg,2,0.7,662,8.106030900002224,0.058757999999215826,0.002424200007226318,5.139873504638672,100,100,96,2,
ECG200,ablation-gaf-intensity-only,gaf,logreg,0,0.67,6,0.09958609999739565,0.020703499991213903,0.0020404999959282577,0.447479248046875,100,100,96,2,
ECG200,ablation-gaf-intensity-only,gaf,logreg,1,0.67,6,0.10141370000201277,0.021415600000182167,0.0022274999937508255,0.447479248046875,100,100,96,2,
ECG200,ablation-gaf-intensity-only,gaf,logreg,2,0.67,6,0.10941460001049563,0.023045899986755103,0.002357999997911975,0.447479248046875,100,100,96,2,
ECG200,ablation-gaf-texture-only,gaf,logreg,0,0.66,268,1.5425651999830734,0.04861490000621416,0.0031356999825220555,1.3859796524047852,100,100,96,2,
ECG200,ablation-gaf-texture-only,gaf,logreg,1,0.66,268,1.4599430999951437,0.03789639999740757,0.0027860999980475754,1.3859357833862305,100,100,96,2,
ECG200,ablation-gaf-texture-only,gaf,logreg,2,0.66,268,2.113501299987547,0.04541579997749068,0.002738300012424588,1.3859357833862305,100,100,96,2,
ECGFiveDays,baseline-1nn-euclidean,raw,knn1,0,0.7967479674796748,136,0.0019146999984513968,0.0026347999810241163,0.013557700003730133,1.8943252563476562,23,861,136,2,
ECGFiveDays,baseline-1nn-euclidean,raw,knn1,1,0.7967479674796748,136,0.0015629999979864806,0.0025268999743275344,0.01415070000803098,1.8943252563476562,23,861,136,2,
ECGFiveDays,baseline-1nn-euclidean,raw,knn1,2,0.7967479674796748,136,0.0017643000173848122,0.0024443999864161015,0.011742400005459785,1.8943252563476562,23,861,136,2,
ECGFiveDays,baseline-raw-logreg,raw,logreg,0,0.9744483159117305,136,0.0016552000015508384,0.02855940000154078,0.0036108999920543283,1.9122896194458008,23,861,136,2,
ECGFiveDays,baseline-raw-logreg,raw,logreg,1,0.9744483159117305,136,0.0018979000160470605,0.02858290000585839,0.0035942000104114413,1.9124212265014648,23,861,136,2,
ECGFiveDays,baseline-raw-logreg,raw,logreg,2,0.9744483159117305,136,0.0014708999951835722,0.028972300002351403,0.003562199999578297,1.9125089645385742,23,861,136,2,
ECGFiveDays,gasf-features,gaf,logreg,0,0.81068524970964,662,71.34789149998687,0.0315169999958016,0.015626899985363707,13.555770874023438,23,861,136,2,
ECGFiveDays,gasf-features,gaf,logreg,1,0.81068524970964,662,73.29118980001658,0.03384449999430217,0.018702000001212582,13.558822631835938,23,861,136,2,
ECGFiveDays,gasf-features,gaf,logreg,2,0.81068524970964,662,70.39336210000329,0.03159210001467727,0.012431599985575303,13.558603286743164,23,861,136,2,
ECGFiveDays,gadf-features,gadf,logreg,0,0.6387921022067363,662,72.87810800000443,0.03526999999303371,0.013482800015481189,13.558303833007812,23,861,136,2,
ECGFiveDays,gadf-features,gadf,logreg,1,0.6387921022067363,662,72.14328039999236,0.029213400004664436,0.012547499994980171,13.558516502380371,23,861,136,2,
ECGFiveDays,gadf-features,gadf,logreg,2,0.6387921022067363,662,72.28612480001175,0.03597950001130812,0.011293899995507672,13.557668685913086,23,861,136,2,
ECGFiveDays,mtf-features,mtf,logreg,0,0.6318234610917538,662,74.68257959999028,0.045681699994020164,0.012575000000651926,13.558351516723633,23,861,136,2,
ECGFiveDays,mtf-features,mtf,logreg,1,0.6318234610917538,662,72.55230949999532,0.037747700000181794,0.01766079998924397,13.55920124053955,23,861,136,2,
ECGFiveDays,mtf-features,mtf,logreg,2,0.6318234610917538,662,63.18744219999644,0.037092899990966544,0.007800299994414672,13.559555053710938,23,861,136,2,
ECGFiveDays,rp-features,rp,logreg,0,0.7456445993031359,662,62.219264600018505,0.027613100013695657,0.009283000021241605,13.555644035339355,23,861,136,2,
ECGFiveDays,rp-features,rp,logreg,1,0.7456445993031359,662,62.11218550000922,0.02966639999067411,0.011911899986444041,13.558481216430664,23,861,136,2,
ECGFiveDays,rp-features,rp,logreg,2,0.7456445993031359,662,63.00023330000113,0.03742659999988973,0.009187300020130351,13.55789566040039,23,861,136,2,
ECGFiveDays,ablation-gaf-intensity-only,gaf,logreg,0,0.670150987224158,6,0.7626712000055704,0.01790080001228489,0.0022785000037401915,1.8721389770507812,23,861,136,2,
ECGFiveDays,ablation-gaf-intensity-only,gaf,logreg,1,0.670150987224158,6,0.7973399999900721,0.017691100016236305,0.0022230000176932663,1.8721389770507812,23,861,136,2,
ECGFiveDays,ablation-gaf-intensity-only,gaf,logreg,2,0.670150987224158,6,0.8894591999996919,0.0175331000064034,0.0022632000036537647,1.8721389770507812,23,861,136,2,
ECGFiveDays,ablation-gaf-texture-only,gaf,logreg,0,0.6980255516840883,268,10.460772799997358,0.028918699972564355,0.004385599982924759,4.580927848815918,23,861,136,2,
ECGFiveDays,ablation-gaf-texture-only,gaf,logreg,1,0.6980255516840883,268,10.336601600021822,0.02637710000271909,0.005735200014896691,4.580927848815918,23,861,136,2,
ECGFiveDays,ablation-gaf-texture-only,gaf,logreg,2,0.6980255516840883,268,9.577121999987867,0.025121199985733256,0.00376330001745373,4.581016540527344,23,861,136,2,
FaceFour,baseline-1nn-euclidean,raw,knn1,0,0.7840909090909091,350,0.0011277000012341887,0.0028824000037275255,0.009861800004728138,0.5992431640625,24,88,350,4,
FaceFour,baseline-1nn-euclidean,raw,knn1,1,0.7840909090909091,350,0.0008611000084783882,0.0028153999883215874,0.06196210000780411,0.5992431640625,24,88,350,4,
FaceFour,baseline-1nn-euclidean,raw,knn1,2,0.7840909090909091,350,0.0012436000106390566,0.003541299985954538,0.024981700000353158,0.5992431640625,24,88,350,4,
FaceFour,baseline-raw-logreg,raw,logreg,0,0.8636363636363636,350,0.0010204999998677522,0.04840400000102818,0.0031959000043570995,0.857234001159668,24,88,350,4,
FaceFour,baseline-raw-logreg,raw,logreg,1,0.8636363636363636,350,0.001188399997772649,0.0451906000089366,0.0025229999737348408,0.8571310043334961,24,88,350,4,
FaceFour,baseline-raw-logreg,raw,logreg,2,0.8636363636363636,350,0.0011454000195953995,0.05188119999365881,0.0062018999888096005,0.8569402694702148,24,88,350,4,
FaceFour,gasf-features,gaf,logreg,0,0.7386363636363636,662,36.58729549997952,0.07576829998288304,0.003095400024903938,54.35934257507324,24,88,350,4,
FaceFour,gasf-features,gaf,logreg,1,0.7386363636363636,662,37.00314819999039,0.07528769999044016,0.002744400000665337,54.3596076965332,24,88,350,4,
FaceFour,gasf-features,gaf,logreg,2,0.7386363636363636,662,36.490393399988534,0.07648779998999089,0.0031722999992780387,54.359293937683105,24,88,350,4,
FaceFour,gadf-features,gadf,logreg,0,0.7045454545454546,662,38.08239220001269,0.08669430000009015,0.0032001000072341412,54.358970642089844,24,88,350,4,
FaceFour,gadf-features,gadf,logreg,1,0.7045454545454546,662,38.601871299993945,0.09123510000063106,0.0031974999874364585,54.35967445373535,24,88,350,4,
FaceFour,gadf-features,gadf,logreg,2,0.7045454545454546,662,38.88396000000648,0.08490329998312518,0.0032136999943759292,54.358686447143555,24,88,350,4,
FaceFour,mtf-features,mtf,logreg,0,0.5454545454545454,662,39.97177900001407,0.10139699999126606,0.0036062000144738704,54.359803199768066,24,88,350,4,
FaceFour,mtf-features,mtf,logreg,1,0.5454545454545454,662,41.08197119997931,0.09319559999858029,0.003443399997195229,54.35988521575928,24,88,350,4,
FaceFour,mtf-features,mtf,logreg,2,0.5454545454545454,662,42.82984619998024,0.09477119997609407,0.003075700020417571,54.35664463043213,24,88,350,4,
FaceFour,rp-features,rp,logreg,0,0.6704545454545454,662,41.350860200007446,0.0680354000069201,0.003596900001866743,54.35956573486328,24,88,350,4,
FaceFour,rp-features,rp,logreg,1,0.6704545454545454,662,39.69272349998937,0.06654749999870546,0.0037435000122059137,54.35884666442871,24,88,350,4,
FaceFour,rp-features,rp,logreg,2,0.6704545454545454,662,42.38709889998427,0.06345979997422546,0.0026971999905072153,54.3588285446167,24,88,350,4,
FaceFour,ablation-gaf-intensity-only,gaf,logreg,0,0.3977272727272727,6,0.43453590001445264,0.03402789999381639,0.00220309998258017,4.92523193359375,24,88,350,4,
FaceFour,ablation-gaf-intensity-only,gaf,logreg,1,0.3977272727272727,6,0.40470720001030713,0.02966749999905005,0.0017476000066380948,4.92523193359375,24,88,350,4,
FaceFour,ablation-gaf-intensity-only,gaf,logreg,2,0.3977272727272727,6,0.4321129000163637,0.03144120000069961,0.002416299976175651,4.92523193359375,24,88,350,4,
FaceFour,ablation-gaf-texture-only,gaf,logreg,0,0.6477272727272727,268,6.481231399986427,0.08230870001716539,0.0017155999958049506,12.197243690490723,24,88,350,4,
FaceFour,ablation-gaf-texture-only,gaf,logreg,1,0.6477272727272727,268,6.097526199999265,0.08426760000293143,0.0025434000126551837,12.197111129760742,24,88,350,4,
FaceFour,ablation-gaf-texture-only,gaf,logreg,2,0.6477272727272727,268,6.540402599988738,0.17844909999985248,0.005086899996967986,12.197111129760742,24,88,350,4,
Fish,baseline-1nn-euclidean,raw,knn1,0,0.7828571428571428,463,0.0036820999812334776,0.0030144999909680337,0.018784399988362566,1.9203262329101562,175,175,463,7,
Fish,baseline-1nn-euclidean,raw,knn1,1,0.7828571428571428,463,0.002518900000723079,0.00394110000343062,0.014928400021744892,1.9203262329101562,175,175,463,7,
Fish,baseline-1nn-euclidean,raw,knn1,2,0.7828571428571428,463,0.0029115999932400882,0.0038693999813403934,0.031375199992908165,1.9203262329101562,175,175,463,7,
Fish,baseline-raw-logreg,raw,logreg,0,0.8514285714285714,463,0.002498999994713813,0.38179730001138523,0.0029273999971337616,2.959805488586426,175,175,463,7,
Fish,baseline-raw-logreg,raw,logreg,1,0.8514285714285714,463,0.002790600003208965,0.3472139999794308,0.003942700015613809,2.960024833679199,175,175,463,7,
Fish,baseline-raw-logreg,raw,logreg,2,0.8514285714285714,463,0.0023201000003609806,0.393144100002246,0.003926100005628541,2.9598493576049805,175,175,463,7,
Fish,gasf-features,gaf,logreg,0,0.6685714285714286,662,239.03656470001442,0.1168020999757573,0.002958600001875311,96.09310150146484,175,175,463,7,
Fish,gasf-features,gaf,logreg,1,0.6685714285714286,662,238.8793473999831,0.1273732999979984,0.004269900004146621,96.09235858917236,175,175,463,7,
Fish,gasf-features,gaf,logreg,2,0.6685714285714286,662,239.1052622999996,0.12254300000495277,0.003702700021676719,96.09153461456299,175,175,463,7,
Fish,gadf-features,gadf,logreg,0,0.7714285714285715,662,239.1461113000114,0.1468464000208769,0.003366799996001646,96.09255981445312,175,175,463,7,
Fish,gadf-features,gadf,logreg,1,0.7714285714285715,662,238.3697988000058,0.23564719999558292,0.011188500007847324,96.09153079986572,175,175,463,7,
Fish,gadf-features,gadf,logreg,2,0.7714285714285715,662,238.33285440001055,0.29051660001277924,0.00851929999771528,96.09117984771729,175,175,463,7,
Fish,mtf-features,mtf,logreg,0,0.5657142857142857,662,236.91331800000626,0.5324751000152901,0.009060200012754649,96.09208965301514,175,175,463,7,
Fish,mtf-features,mtf,logreg,1,0.5657142857142857,662,238.11751209999784,0.31628540001111105,0.003862199984723702,96.09207439422607,175,175,463,7,
Fish,mtf-features,mtf,logreg,2,0.5657142857142857,662,220.44675580001785,0.31465009998646565,0.00365810000221245,96.09250831604004,175,175,463,7,
Fish,rp-features,rp,logreg,0,0.7828571428571428,662,221.2722233000095,0.13134459999855608,0.003702000016346574,96.09251022338867,175,175,463,7,
Fish,rp-features,rp,logreg,1,0.7828571428571428,662,221.689066299994,0.12429839998367243,0.002900799998315051,96.09248352050781,175,175,463,7,
Fish,rp-features,rp,logreg,2,0.7828571428571428,662,221.12368530000094,0.1325459000072442,0.00303880000137724,96.0927038192749,175,175,463,7,
Fish,ablation-gaf-intensity-only,gaf,logreg,0,0.3942857142857143,6,3.9247948999982327,0.040618699975311756,0.002536100015277043,8.833953857421875,175,175,463,7,
Fish,ablation-gaf-intensity-only,gaf,logreg,1,0.3942857142857143,6,4.02592210000148,0.042568800010485575,0.0024769000010564923,8.833953857421875,175,175,463,7,
Fish,ablation-gaf-intensity-only,gaf,logreg,2,0.3942857142857143,6,3.8794258999987505,0.041731499979505315,0.002406999992672354,8.833953857421875,175,175,463,7,
Fish,ablation-gaf-texture-only,gaf,logreg,0,0.6,268,49.03989640000509,0.08539969997946173,0.002449300023727119,21.850472450256348,175,175,463,7,
Fish,ablation-gaf-texture-only,gaf,logreg,1,0.6,268,49.282873099989956,0.07955609998316504,0.0024076999980024993,21.850427627563477,175,175,463,7,
Fish,ablation-gaf-texture-only,gaf,logreg,2,0.6,268,48.90324740001233,0.08049359999131411,0.00254840002162382,21.850427627563477,175,175,463,7,
GunPoint,baseline-1nn-euclidean,raw,knn1,0,0.9133333333333333,150,0.0012971000105608255,0.0029081999964546412,0.018599100003484637,0.467529296875,50,150,150,2,
GunPoint,baseline-1nn-euclidean,raw,knn1,1,0.9133333333333333,150,0.0009316999930888414,0.00280019998899661,0.00890899999649264,0.467529296875,50,150,150,2,
GunPoint,baseline-1nn-euclidean,raw,knn1,2,0.9133333333333333,150,0.0009390999912284315,0.003380600013770163,0.010277299996232614,0.467529296875,50,150,150,2,
GunPoint,baseline-raw-logreg,raw,logreg,0,0.8533333333333334,150,0.000979200005531311,0.040962600003695115,0.002538600005209446,0.5361261367797852,50,150,150,2,
GunPoint,baseline-raw-logreg,raw,logreg,1,0.8533333333333334,150,0.0009529000089969486,0.0409741000039503,0.002513999992515892,0.5360383987426758,50,150,150,2,
GunPoint,baseline-raw-logreg,raw,logreg,2,0.8533333333333334,150,0.0007772999815642834,0.04169850001926534,0.0029928000003565103,0.5359945297241211,50,150,150,2,
GunPoint,gasf-features,gaf,logreg,0,0.9066666666666666,662,15.407761599984951,0.03541800001403317,0.0040354999946430326,11.050896644592285,50,150,150,2,
GunPoint,gasf-features,gaf,logreg,1,0.9066666666666666,662,14.781470099987928,0.0356366999913007,0.002969699999084696,11.051939010620117,50,150,150,2,
GunPoint,gasf-features,gaf,logreg,2,0.9066666666666666,662,14.86350800000946,0.035231899993959814,0.0032699000148568302,11.051512718200684,50,150,150,2,
GunPoint,gadf-features,gadf,logreg,0,0.9466666666666667,662,14.891725199995562,0.026597100018989295,0.004051299998536706,11.051244735717773,50,150,150,2,
GunPoint,gadf-features,gadf,logreg,1,0.9466666666666667,662,14.587359600001946,0.02987520000897348,0.005391100014094263,11.04998779296875,50,150,150,2,
GunPoint,gadf-features,gadf,logreg,2,0.9466666666666667,662,14.677315700013423,0.02896700002020225,0.002113800001097843,11.050976753234863,50,150,150,2,
GunPoint,mtf-features,mtf,logreg,0,0.8866666666666667,662,14.817326800024603,0.033153199998196214,0.002623500011395663,11.049418449401855,50,150,150,2,
GunPoint,mtf-features,mtf,logreg,1,0.8866666666666667,662,14.633053500001552,0.03791320000891574,0.0035140999825671315,11.052041053771973,50,150,150,2,
GunPoint,mtf-features,mtf,logreg,2,0.8866666666666667,662,14.665896899998188,0.04218159997253679,0.0031304000003729016,11.050532341003418,50,150,150,2,
GunPoint,rp-features,rp,logreg,0,0.8933333333333333,662,14.51849940000102,0.040571399993496016,0.0038444999954663217,11.051063537597656,50,150,150,2,
GunPoint,rp-features,rp,logreg,1,0.8933333333333333,662,14.471466299990425,0.034510199999203905,0.0034512999991420656,11.050774574279785,50,150,150,2,
GunPoint,rp-features,rp,logreg,2,0.8933333333333333,662,14.772655999986455,0.033770800015190616,0.0036256999883335084,11.051732063293457,50,150,150,2,
GunPoint,ablation-gaf-intensity-only,gaf,logreg,0,0.64,6,0.17455180000979453,0.02213950001168996,0.0021561999747063965,1.0584716796875,50,150,150,2,
GunPoint,ablation-gaf-intensity-only,gaf,logreg,1,0.64,6,0.1657063000020571,0.025977899989811704,0.0022683999850414693,1.0584716796875,50,150,150,2,
GunPoint,ablation-gaf-intensity-only,gaf,logreg,2,0.64,6,0.14395659998990595,0.021282299974700436,0.0010810999956447631,1.0584716796875,50,150,150,2,
GunPoint,ablation-gaf-texture-only,gaf,logreg,0,0.8466666666666667,268,2.401219500025036,0.027616600011242554,0.0029162999999243766,2.7627687454223633,50,150,150,2,
GunPoint,ablation-gaf-texture-only,gaf,logreg,1,0.8466666666666667,268,2.3113221999956295,0.029968799994094297,0.0028440000023692846,2.7661237716674805,50,150,150,2,
GunPoint,ablation-gaf-texture-only,gaf,logreg,2,0.8466666666666667,268,2.325445900001796,0.029967699985718355,0.003081600007135421,2.762723922729492,50,150,150,2,
GunPointAgeSpan,baseline-1nn-euclidean,raw,knn1,0,0.8987341772151899,150,0.0010687000176403672,0.0015238000196404755,0.00865840000915341,0.94854736328125,135,316,150,2,
GunPointAgeSpan,baseline-1nn-euclidean,raw,knn1,1,0.8987341772151899,150,0.0009414999803993851,0.002405700011877343,0.012127199996029958,0.94854736328125,135,316,150,2,
GunPointAgeSpan,baseline-1nn-euclidean,raw,knn1,2,0.8987341772151899,150,0.0008110999769996852,0.0022434999991673976,0.010815300018293783,0.94854736328125,135,316,150,2,
GunPointAgeSpan,baseline-raw-logreg,raw,logreg,0,0.8924050632911392,150,0.0007889000116847456,0.05175870002130978,0.0029543999989982694,1.1111364364624023,135,316,150,2,
GunPointAgeSpan,baseline-raw-logreg,raw,logreg,1,0.8924050632911392,150,0.0014232000103220344,0.054013999993912876,0.0022236000222619623,1.111311912536621,135,316,150,2,
GunPointAgeSpan,baseline-raw-logreg,raw,logreg,2,0.8924050632911392,150,0.001233099988894537,0.05597350001335144,0.0030578000005334616,1.1109609603881836,135,316,150,2,
GunPointAgeSpan,gasf-features,gaf,logreg,0,0.9145569620253164,662,33.26466260000598,0.03925250002066605,0.003666499978862703,12.531394004821777,135,316,150,2,
GunPointAgeSpan,gasf-features,gaf,logreg,1,0.9145569620253164,662,33.12350950000109,0.040688499982934445,0.005113499995786697,12.529285430908203,135,316,150,2,
GunPointAgeSpan,gasf-features,gaf,logreg,2,0.9145569620253164,662,33.30582959999447,0.03807559999404475,0.005422399990493432,12.527743339538574,135,316,150,2,
GunPointAgeSpan,gadf-features,gadf,logreg,0,0.9588607594936709,662,33.72333660000004,0.034690899978158996,0.003721899993252009,12.52813720703125,135,316,150,2,
GunPointAgeSpan,gadf-features,gadf,logreg,1,0.9588607594936709,662,33.00052110000979,0.03498679999029264,0.0038213000225368887,12.529219627380371,135,316,150,2,
GunPointAgeSpan,gadf-features,gadf,logreg,2,0.9588607594936709,662,33.100913500005845,0.025875899998936802,0.005419499997515231,12.528267860412598,135,316,150,2,
GunPointAgeSpan,mtf-features,mtf,logreg,0,0.8322784810126582,662,33.48511049998342,0.04452029999811202,0.003745199996046722,12.528680801391602,135,316,150,2,
GunPointAgeSpan,mtf-features,mtf,logreg,1,0.8322784810126582,662,32.909554099984234,0.04937549997703172,0.004017200000816956,12.527825355529785,135,316,150,2,
GunPointAgeSpan,mtf-features,mtf,logreg,2,0.8322784810126582,662,33.25442399998428,0.04700730001786724,0.0043500000028871,12.528853416442871,135,316,150,2,
GunPointAgeSpan,rp-features,rp,logreg,0,0.9177215189873418,662,32.6537832999893,0.03873520001070574,0.0040200999937951565,12.529684066772461,135,316,150,2,
GunPointAgeSpan,rp-features,rp,logreg,1,0.9177215189873418,662,32.710274599987315,0.0419009999895934,0.0057761999778449535,12.52546501159668,135,316,150,2,
GunPointAgeSpan,rp-features,rp,logreg,2,0.9177215189873418,662,33.41620869998587,0.039715099992463365,0.00463149999268353,12.527667045593262,135,316,150,2,
GunPointAgeSpan,ablation-gaf-intensity-only,gaf,logreg,0,0.819620253164557,6,0.35812620000797324,0.021738400013418868,0.002442700002575293,1.2790374755859375,135,316,150,2,
GunPointAgeSpan,ablation-gaf-intensity-only,gaf,logreg,1,0.819620253164557,6,0.3738872999965679,0.02102689997991547,0.00215869999374263,1.2790374755859375,135,316,150,2,
GunPointAgeSpan,ablation-gaf-intensity-only,gaf,logreg,2,0.819620253164557,6,0.3623815999890212,0.02215900001465343,0.0022142000088933855,1.2790374755859375,135,316,150,2,
GunPointAgeSpan,ablation-gaf-texture-only,gaf,logreg,0,0.8670886075949367,268,5.202270500012673,0.032819899992318824,0.003172700002323836,3.485013961791992,135,316,150,2,
GunPointAgeSpan,ablation-gaf-texture-only,gaf,logreg,1,0.8670886075949367,268,5.1666766999987885,0.029801600001519546,0.002910099981818348,3.485102653503418,135,316,150,2,
GunPointAgeSpan,ablation-gaf-texture-only,gaf,logreg,2,0.8670886075949367,268,5.171079299994744,0.027133600000524893,0.0027574000123422593,3.4850587844848633,135,316,150,2,
GunPointMaleVersusFemale,baseline-1nn-euclidean,raw,knn1,0,0.9746835443037974,150,0.002235899999504909,0.002156999980797991,0.00996820000000298,0.94854736328125,135,316,150,2,
GunPointMaleVersusFemale,baseline-1nn-euclidean,raw,knn1,1,0.9746835443037974,150,0.0007047000108286738,0.0021658999903593212,0.008922799985157326,0.94854736328125,135,316,150,2,
GunPointMaleVersusFemale,baseline-1nn-euclidean,raw,knn1,2,0.9746835443037974,150,0.0008390999864786863,0.0022717000101692975,0.012209499982418492,0.94854736328125,135,316,150,2,
GunPointMaleVersusFemale,baseline-raw-logreg,raw,logreg,0,0.9873417721518988,150,0.0009497000137344003,0.03156750000198372,0.003666100004920736,1.1113996505737305,135,316,150,2,
GunPointMaleVersusFemale,baseline-raw-logreg,raw,logreg,1,0.9873417721518988,150,0.0010780000011436641,0.030541000014636666,0.0027246999961789697,1.1114435195922852,135,316,150,2,
GunPointMaleVersusFemale,baseline-raw-logreg,raw,logreg,2,0.9873417721518988,150,0.0008987000037450343,0.030852399999275804,0.0021177000016905367,1.1111364364624023,135,316,150,2,
GunPointMaleVersusFemale,gasf-features,gaf,logreg,0,0.9968354430379747,662,33.93728159999591,0.03980330002377741,0.0035346999939065427,12.524914741516113,135,316,150,2,
GunPointMaleVersusFemale,gasf-features,gaf,logreg,1,0.9968354430379747,662,33.962712300010026,0.041155300015816465,0.0058213000011164695,12.528847694396973,135,316,150,2,
GunPointMaleVersusFemale,gasf-features,gaf,logreg,2,0.9968354430379747,662,33.87989459998789,0.04019729999708943,0.003443399997195229,12.528695106506348,135,316,150,2,
GunPointMaleVersusFemale,gadf-features,gadf,logreg,0,0.9651898734177216,662,34.335295199998654,0.09045280001009814,0.007428899989463389,12.527975082397461,135,316,150,2,
GunPointMaleVersusFemale,gadf-features,gadf,logreg,1,0.9651898734177216,662,33.0798300000024,0.03976010001497343,0.005173399986233562,12.527763366699219,135,316,150,2,
GunPointMaleVersusFemale,gadf-features,gadf,logreg,2,0.9651898734177216,662,33.25788630000898,0.03341800000634976,0.0038204000156838447,12.52790355682373,135,316,150,2,
GunPointMaleVersusFemale,mtf-features,mtf,logreg,0,0.8481012658227848,662,33.12892160000047,0.04343419999349862,0.003051799983950332,12.527616500854492,135,316,150,2,
GunPointMaleVersusFemale,mtf-features,mtf,logreg,1,0.8481012658227848,662,33.10170990001643,0.047498100000666454,0.005340200004866347,12.529101371765137,135,316,150,2,
GunPointMaleVersusFemale,mtf-features,mtf,logreg,2,0.8481012658227848,662,32.11575170001015,0.04992569997557439,0.003891300002578646,12.528535842895508,135,316,150,2,
GunPointMaleVersusFemale,rp-features,rp,logreg,0,0.9841772151898734,662,31.59196130000055,0.033495299983769655,0.005339900002581999,12.529313087463379,135,316,150,2,
GunPointMaleVersusFemale,rp-features,rp,logreg,1,0.9841772151898734,662,31.499162099993555,0.03395819998695515,0.005136200023116544,12.528637886047363,135,316,150,2,
GunPointMaleVersusFemale,rp-features,rp,logreg,2,0.9841772151898734,662,31.261977699992713,0.0333816000202205,0.004686000000219792,12.527610778808594,135,316,150,2,
GunPointMaleVersusFemale,ablation-gaf-intensity-only,gaf,logreg,0,0.9430379746835443,6,0.35949210001854226,0.018710600008489564,0.00222090000170283,1.2790374755859375,135,316,150,2,
GunPointMaleVersusFemale,ablation-gaf-intensity-only,gaf,logreg,1,0.9430379746835443,6,0.3425619999761693,0.01830540000810288,0.0014267999795265496,1.2790374755859375,135,316,150,2,
GunPointMaleVersusFemale,ablation-gaf-intensity-only,gaf,logreg,2,0.9430379746835443,6,0.32158540000091307,0.01906980000785552,0.0021246999967843294,1.2790374755859375,135,316,150,2,
GunPointMaleVersusFemale,ablation-gaf-texture-only,gaf,logreg,0,0.7753164556962026,268,4.680231200007256,0.035372700018342584,0.0027024000009987503,3.485635757446289,135,316,150,2,
GunPointMaleVersusFemale,ablation-gaf-texture-only,gaf,logreg,1,0.7753164556962026,268,4.728761700011091,0.03075509998598136,0.0018760999955702573,3.4851465225219727,135,316,150,2,
GunPointMaleVersusFemale,ablation-gaf-texture-only,gaf,logreg,2,0.7753164556962026,268,4.808956099994248,0.03600779999396764,0.0038908999995328486,3.485013961791992,135,316,150,2,
GunPointOldVersusYoung,baseline-1nn-euclidean,raw,knn1,0,0.9523809523809523,150,0.0009396000241395086,0.0016049999976530671,0.0090630000049714,0.9473800659179688,136,315,150,2,
GunPointOldVersusYoung,baseline-1nn-euclidean,raw,knn1,1,0.9523809523809523,150,0.0010890999983530492,0.002594200021121651,0.009552900010021403,0.9473800659179688,136,315,150,2,
GunPointOldVersusYoung,baseline-1nn-euclidean,raw,knn1,2,0.9523809523809523,150,0.0006850000063423067,0.0026006000116467476,0.009408000012626871,0.9473800659179688,136,315,150,2,
GunPointOldVersusYoung,baseline-raw-logreg,raw,logreg,0,0.8698412698412699,150,0.0009154000144917518,0.04236500000115484,0.0028150000143796206,1.1112985610961914,136,315,150,2,
GunPointOldVersusYoung,baseline-raw-logreg,raw,logreg,1,0.8698412698412699,150,0.0010749000066425651,0.04457289999118075,0.0030894000083208084,1.1109037399291992,136,315,150,2,
GunPointOldVersusYoung,baseline-raw-logreg,raw,logreg,2,0.8698412698412699,150,0.0011430000013206154,0.048733799980254844,0.0030565000197384506,1.1111669540405273,136,315,150,2,
GunPointOldVersusYoung,gasf-features,gaf,logreg,0,0.9746031746031746,662,31.107212200004142,0.033603599993512034,0.003742100001545623,12.52735710144043,136,315,150,2,
GunPointOldVersusYoung,gasf-features,gaf,logreg,1,0.9746031746031746,662,31.00365850000526,0.03077610000036657,0.0037025000201538205,12.526305198669434,136,315,150,2,
GunPointOldVersusYoung,gasf-features,gaf,logreg,2,0.9746031746031746,662,31.17191410000669,0.03655379998963326,0.004227600002195686,12.52663803100586,136,315,150,2,
GunPointOldVersusYoung,gadf-features,gadf,logreg,0,0.9777777777777777,662,31.38947449999978,0.029291000013472512,0.004213400010485202,12.526041984558105,136,315,150,2,
GunPointOldVersusYoung,gadf-features,gadf,logreg,1,0.9777777777777777,662,31.23602480001864,0.03341559998807497,0.0037524999934248626,12.527257919311523,136,315,150,2,
GunPointOldVersusYoung,gadf-features,gadf,logreg,2,0.9777777777777777,662,31.190648599993438,0.03308880000258796,0.005081800016341731,12.523661613464355,136,315,150,2,
GunPointOldVersusYoung,mtf-features,mtf,logreg,0,0.780952380952381,662,31.57977710000705,0.05263120000017807,0.005079399998066947,12.524168968200684,136,315,150,2,
GunPointOldVersusYoung,mtf-features,mtf,logreg,1,0.780952380952381,662,31.70037640002556,0.05408159998478368,0.0029097000078763813,12.526904106140137,136,315,150,2,
GunPointOldVersusYoung,mtf-features,mtf,logreg,2,0.780952380952381,662,32.692460400023265,0.056596800015540794,0.004613400000380352,12.527761459350586,136,315,150,2,
GunPointOldVersusYoung,rp-features,rp,logreg,0,0.9682539682539683,662,32.1882207999879,0.041829599998891354,0.003143799985991791,12.526253700256348,136,315,150,2,
GunPointOldVersusYoung,rp-features,rp,logreg,1,0.9682539682539683,662,32.51598739999463,0.035271900007501245,0.004542200011201203,12.526337623596191,136,315,150,2,
GunPointOldVersusYoung,rp-features,rp,logreg,2,0.9682539682539683,662,32.79309389999253,0.04098700001486577,0.005071999999927357,12.527400970458984,136,315,150,2,
GunPointOldVersusYoung,ablation-gaf-intensity-only,gaf,logreg,0,0.6126984126984127,6,0.321927200013306,0.020906000019749627,0.001408600015565753,1.2777862548828125,136,315,150,2,
GunPointOldVersusYoung,ablation-gaf-intensity-only,gaf,logreg,1,0.6126984126984127,6,0.34418620000360534,0.02043560001766309,0.002036400022916496,1.2777862548828125,136,315,150,2,
GunPointOldVersusYoung,ablation-gaf-intensity-only,gaf,logreg,2,0.6126984126984127,6,0.34074880002299324,0.021161999989999458,0.0016137000056914985,1.2777862548828125,136,315,150,2,
GunPointOldVersusYoung,ablation-gaf-texture-only,gaf,logreg,0,0.926984126984127,268,4.960392700013472,0.030961799988290295,0.002659799996763468,3.4838953018188477,136,315,150,2,
GunPointOldVersusYoung,ablation-gaf-texture-only,gaf,logreg,1,0.926984126984127,268,4.913705199985998,0.02973720000591129,0.004450300009921193,3.4838953018188477,136,315,150,2,
GunPointOldVersusYoung,ablation-gaf-texture-only,gaf,logreg,2,0.926984126984127,268,4.923659099993529,0.030521400010911748,0.004338999977335334,3.4838075637817383,136,315,150,2,
Ham,baseline-1nn-euclidean,raw,knn1,0,0.6,431,0.0010910000128205866,0.002313899982254952,0.013999399991007522,1.1155929565429688,109,105,431,2,
Ham,baseline-1nn-euclidean,raw,knn1,1,0.6,431,0.0007972000166773796,0.0028074999863747507,0.02418700000271201,1.1155929565429688,109,105,431,2,
Ham,baseline-1nn-euclidean,raw,knn1,2,0.6,431,0.0007196000078693032,0.0021071000082883984,0.01246769999852404,1.1155929565429688,109,105,431,2,
Ham,baseline-raw-logreg,raw,logreg,0,0.6476190476190476,431,0.00149940000846982,0.04488219998893328,0.0028617999923881143,1.4974546432495117,109,105,431,2,
Ham,baseline-raw-logreg,raw,logreg,1,0.6476190476190476,431,0.00140460001421161,0.04358430000138469,0.003430100012337789,1.4973669052124023,109,105,431,2,
Ham,baseline-raw-logreg,raw,logreg,2,0.6476190476190476,431,0.0016061000060290098,0.04451140001765452,0.002090399997541681,1.497410774230957,109,105,431,2,
Ham,gasf-features,gaf,logreg,0,0.6190476190476191,662,121.17330270001548,0.06269549997523427,0.003566400002455339,82.62614727020264,109,105,431,2,
Ham,gasf-features,gaf,logreg,1,0.6190476190476191,662,121.26582390000112,0.06467330001760274,0.002922200015746057,82.62622451782227,109,105,431,2,
Ham,gasf-features,gaf,logreg,2,0.6190476190476191,662,121.54603659998975,0.06143970001721755,0.0036745999823324382,82.62588596343994,109,105,431,2,
Ham,gadf-features,gadf,logreg,0,0.6666666666666666,662,121.2056331000058,0.05700060000526719,0.0030623000056948513,82.6225938796997,109,105,431,2,
Ham,gadf-features,gadf,logreg,1,0.6666666666666666,662,121.8120523999969,0.05816739998408593,0.0032401999924331903,82.62542152404785,109,105,431,2,
Ham,gadf-features,gadf,logreg,2,0.6666666666666666,662,122.1694434999954,0.06243930000346154,0.003110899997409433,82.62622261047363,109,105,431,2,
Ham,mtf-features,mtf,logreg,0,0.5047619047619047,662,122.2706377999857,0.062282800005050376,0.0026080999814439565,82.62534236907959,109,105,431,2,
Ham,mtf-features,mtf,logreg,1,0.5047619047619047,662,122.27957650000462,0.06220039998879656,0.0033790000015869737,82.6253252029419,109,105,431,2,
Ham,mtf-features,mtf,logreg,2,0.5047619047619047,662,122.02367419999791,0.07002640000428073,0.0024471000069752336,82.62620449066162,109,105,431,2,
Ham,rp-features,rp,logreg,0,0.5523809523809524,662,122.16484340000898,0.056334799999604,0.003719700005603954,82.62595558166504,109,105,431,2,
Ham,rp-features,rp,logreg,1,0.5523809523809524,662,121.81552910001483,0.06428570000571199,0.002805900003295392,82.6227617263794,109,105,431,2,
Ham,rp-features,rp,logreg,2,0.5523809523809524,662,122.21248010001727,0.0598281999991741,0.002680100005818531,82.62547397613525,109,105,431,2,
Ham,ablation-gaf-intensity-only,gaf,logreg,0,0.5238095238095238,6,1.9450347000092734,0.02461849999963306,0.0022591000015381724,7.463691711425781,109,105,431,2,
Ham,ablation-gaf-intensity-only,gaf,logreg,1,0.5238095238095238,6,1.8919036999868695,0.0231486999837216,0.002170099993236363,7.463691711425781,109,105,431,2,
Ham,ablation-gaf-intensity-only,gaf,logreg,2,0.5238095238095238,6,1.8399453000165522,0.024585999984992668,0.0023043999972287565,7.463691711425781,109,105,431,2,
Ham,ablation-gaf-texture-only,gaf,logreg,0,0.6476190476190476,268,26.4805442999932,0.0456240999919828,0.00416179999592714,18.559579849243164,109,105,431,2,
Ham,ablation-gaf-texture-only,gaf,logreg,1,0.6476190476190476,268,26.36104069999419,0.05048219999298453,0.0025377999991178513,18.55966854095459,109,105,431,2,
Ham,ablation-gaf-texture-only,gaf,logreg,2,0.6476190476190476,268,26.238140700006625,0.04818049998721108,0.0027319999935571104,18.5602388381958,109,105,431,2,
Herring,baseline-1nn-euclidean,raw,knn1,0,0.515625,512,0.0014632999955210835,0.0027609999815467745,0.013758599990978837,0.8157196044921875,64,64,512,2,
Herring,baseline-1nn-euclidean,raw,knn1,1,0.515625,512,0.0012117000005673617,0.0024760999949648976,0.01285729999653995,0.8157196044921875,64,64,512,2,
Herring,baseline-1nn-euclidean,raw,knn1,2,0.515625,512,0.0006231000006664544,0.002080500009469688,0.01329590001842007,0.8157196044921875,64,64,512,2,
Herring,baseline-raw-logreg,raw,logreg,0,0.625,512,0.0008281999907922,0.061438400007318705,0.0032478000211995095,1.0928659439086914,64,64,512,2,
Herring,baseline-raw-logreg,raw,logreg,1,0.625,512,0.0011688000231515616,0.06448699999600649,0.0024307999992743134,1.0929975509643555,64,64,512,2,
Herring,baseline-raw-logreg,raw,logreg,2,0.625,512,0.0007933000160846859,0.06446829999913462,0.002948000008473173,1.092646598815918,64,64,512,2,
Herring,gasf-features,gaf,logreg,0,0.515625,662,96.37810030000401,0.04357210002490319,0.003278899996075779,115.4622106552124,64,64,512,2,
Herring,gasf-features,gaf,logreg,1,0.515625,662,98.83535489998758,0.04056319998926483,0.003199700004188344,115.46158218383789,64,64,512,2,
Herring,gasf-features,gaf,logreg,2,0.515625,662,98.99026709998725,0.04276829998707399,0.0029289000085555017,115.46132373809814,64,64,512,2,
Herring,gadf-features,gadf,logreg,0,0.515625,662,98.6912060000177,0.0494098000053782,0.0029744000057689846,115.46382713317871,64,64,512,2,
Herring,gadf-features,gadf,logreg,1,0.515625,662,99.28293889999622,0.04840820000390522,0.0033531000080984086,115.46110916137695,64,64,512,2,
Herring,gadf-features,gadf,logreg,2,0.515625,662,99.38694650001707,0.042899199994280934,0.00325070001417771,115.46101093292236,64,64,512,2,
Herring,mtf-features,mtf,logreg,0,0.609375,662,98.89682230001199,0.06478069999138825,0.00320759997703135,115.46428203582764,64,64,512,2,
Herring,mtf-features,mtf,logreg,1,0.609375,662,99.14414509999915,0.06632230000104755,0.0034060000034514815,115.46202087402344,64,64,512,2,
Herring,mtf-features,mtf,logreg,2,0.609375,662,98.92686190002132,0.06681439999374561,0.0024234000011347234,115.46170043945312,64,64,512,2,
Herring,rp-features,rp,logreg,0,0.5625,662,96.29108259998611,0.040085299988277256,0.0018051000079140067,115.46176147460938,64,64,512,2,
Herring,rp-features,rp,logreg,1,0.5625,662,96.42878769998788,0.0474705999949947,0.0027356999926269054,115.46142387390137,64,64,512,2,
Herring,rp-features,rp,logreg,2,0.5625,662,95.93131010001525,0.04454200001782738,0.004058299993630499,115.46272563934326,64,64,512,2,
Herring,ablation-gaf-intensity-only,gaf,logreg,0,0.59375,6,1.6616592000063974,0.019523800001479685,0.0020167999900877476,10.26519775390625,64,64,512,2,
Herring,ablation-gaf-intensity-only,gaf,logreg,1,0.59375,6,1.6393558999989182,0.020347999990917742,0.0022628000006079674,10.26519775390625,64,64,512,2,
Herring,ablation-gaf-intensity-only,gaf,logreg,2,0.59375,6,1.818535400001565,0.03354800000670366,0.004000499990070239,10.26519775390625,64,64,512,2,
Herring,ablation-gaf-texture-only,gaf,logreg,0,0.5,268,21.014366799994605,0.032631100009894,0.001713500008918345,25.577078819274902,64,64,512,2,
Herring,ablation-gaf-texture-only,gaf,logreg,1,0.5,268,20.787438900006237,0.030711300001712516,0.002210199978435412,25.576946258544922,64,64,512,2,
Herring,ablation-gaf-texture-only,gaf,logreg,2,0.5,268,20.5199909999792,0.028637000010348856,0.002863500005332753,25.576946258544922,64,64,512,2,
ItalyPowerDemand,baseline-1nn-euclidean,raw,knn1,0,0.9552964042759962,24,0.0011180000146850944,0.0029750999819952995,0.011728700017556548,0.47684478759765625,67,1029,24,2,
ItalyPowerDemand,baseline-1nn-euclidean,raw,knn1,1,0.9552964042759962,24,0.0006554000137839466,0.0025377999991178513,0.02427140000509098,0.47684478759765625,67,1029,24,2,
ItalyPowerDemand,baseline-1nn-euclidean,raw,knn1,2,0.9552964042759962,24,0.0008910000033210963,0.0026208999915979803,0.015543199988314882,0.47684478759765625,67,1029,24,2,
ItalyPowerDemand,baseline-raw-logreg,raw,logreg,0,0.9630709426627794,24,0.0008115999808069319,0.026746499992441386,0.0028575000178534538,0.47684478759765625,67,1029,24,2,
ItalyPowerDemand,baseline-raw-logreg,raw,logreg,1,0.9630709426627794,24,0.0006762999983038753,0.024408400000538677,0.002725900005316362,0.47684478759765625,67,1029,24,2,
ItalyPowerDemand,baseline-raw-logreg,raw,logreg,2,0.9630709426627794,24,0.0008875000057742,0.058124200004385784,0.007108899997547269,0.47684478759765625,67,1029,24,2,
ItalyPowerDemand,gasf-features,gaf,logreg,0,0.7988338192419825,662,21.611569200002123,0.0314827999973204,0.011793899990152568,11.174114227294922,67,1029,24,2,
ItalyPowerDemand,gasf-features,gaf,logreg,1,0.7988338192419825,662,21.47090099999332,0.030590000009397045,0.006846000003861263,11.171832084655762,67,1029,24,2,
ItalyPowerDemand,gasf-features,gaf,logreg,2,0.7988338192419825,662,16.925929799996084,0.024213299999246374,0.009415100008482113,11.170839309692383,67,1029,24,2,
ItalyPowerDemand,gadf-features,gadf,logreg,0,0.8075801749271136,662,17.13935300000594,0.02790600000298582,0.006485500023700297,11.17142105102539,67,1029,24,2,
ItalyPowerDemand,gadf-features,gadf,logreg,1,0.8075801749271136,662,17.100314500014065,0.029495199996745214,0.010429299989482388,11.170419692993164,67,1029,24,2,
ItalyPowerDemand,gadf-features,gadf,logreg,2,0.8075801749271136,662,14.289573600020958,0.018411199998809025,0.005409599980339408,11.171975135803223,67,1029,24,2,
ItalyPowerDemand,mtf-features,mtf,logreg,0,0.7414965986394558,662,17.61897520002094,0.025863299990305677,0.009863499988568947,11.171688079833984,67,1029,24,2,
ItalyPowerDemand,mtf-features,mtf,logreg,1,0.7414965986394558,662,17.418536800018046,0.024420600006124005,0.006902600027387962,11.171791076660156,67,1029,24,2,
ItalyPowerDemand,mtf-features,mtf,logreg,2,0.7414965986394558,662,17.422389099985594,0.02828820000286214,0.005913700006203726,11.171279907226562,67,1029,24,2,
ItalyPowerDemand,rp-features,rp,logreg,0,0.8279883381924198,662,16.98799599998165,0.029938299994682893,0.007273100025486201,11.172560691833496,67,1029,24,2,
ItalyPowerDemand,rp-features,rp,logreg,1,0.8279883381924198,662,20.1532140999916,0.032350099994800985,0.01089279999723658,11.170074462890625,67,1029,24,2,
ItalyPowerDemand,rp-features,rp,logreg,2,0.8279883381924198,662,19.16857200002414,0.03194879999500699,0.013020099984714761,11.171207427978516,67,1029,24,2,
ItalyPowerDemand,ablation-gaf-intensity-only,gaf,logreg,0,0.5811467444120505,6,0.3481076000025496,0.022204500011866912,0.002137500006938353,0.46826934814453125,67,1029,24,2,
ItalyPowerDemand,ablation-gaf-intensity-only,gaf,logreg,1,0.5811467444120505,6,0.34526370000094175,0.02097350000985898,0.001561500015668571,0.46826934814453125,67,1029,24,2,
ItalyPowerDemand,ablation-gaf-intensity-only,gaf,logreg,2,0.5811467444120505,6,0.3454036999901291,0.01463229997898452,0.0013066999963484704,0.46826934814453125,67,1029,24,2,
ItalyPowerDemand,ablation-gaf-texture-only,gaf,logreg,0,0.7230320699708455,268,4.878320200019516,0.023088399990228936,0.005897800001548603,4.61558723449707,67,1029,24,2,
ItalyPowerDemand,ablation-gaf-texture-only,gaf,logreg,1,0.7230320699708455,268,4.979469200014137,0.025256499997340143,0.006448600004659966,4.6136980056762695,67,1029,24,2,
ItalyPowerDemand,ablation-gaf-texture-only,gaf,logreg,2,0.7230320699708455,268,5.162041500007035,0.023222099989652634,0.005568100023083389,4.613741874694824,67,1029,24,2,
Lightning2,baseline-1nn-euclidean,raw,knn1,0,0.7540983606557377,637,0.0007203000131994486,0.0013934000162407756,0.008721599995624274,0.9459762573242188,60,61,637,2,
Lightning2,baseline-1nn-euclidean,raw,knn1,1,0.7540983606557377,637,0.0011537999962456524,0.001385699986713007,0.007168500014813617,0.9459762573242188,60,61,637,2,
Lightning2,baseline-1nn-euclidean,raw,knn1,2,0.7540983606557377,637,0.0006939000159036368,0.0023902000102680176,0.01108840000233613,0.9459762573242188,60,61,637,2,
Lightning2,baseline-raw-logreg,raw,logreg,0,0.7213114754098361,637,0.0012503000034485012,0.04719250000198372,0.0025317999825347215,1.269810676574707,60,61,637,2,
Lightning2,baseline-raw-logreg,raw,logreg,1,0.7213114754098361,637,0.0011824999819509685,0.04866739999852143,0.002639700018335134,1.2704038619995117,60,61,637,2,
Lightning2,baseline-raw-logreg,raw,logreg,2,0.7213114754098361,637,0.001194899989059195,0.047120200004428625,0.0017927000008057803,1.2707319259643555,60,61,637,2,
Lightning2,gasf-features,gaf,logreg,0,0.6885245901639344,662,152.63088589999825,0.06370440000318922,0.0030678999901283532,178.21959781646729,60,61,637,2,
Lightning2,gasf-features,gaf,logreg,1,0.6885245901639344,662,152.50323490001028,0.07612569999764673,0.002891400014050305,178.2200698852539,60,61,637,2,
Lightning2,gasf-features,gaf,logreg,2,0.6885245901639344,662,151.58484339999268,0.1454251000250224,0.043359899980714545,178.21693801879883,60,61,637,2,
Lightning2,gadf-features,gadf,logreg,0,0.6065573770491803,662,158.67081910002162,0.08536060000187717,0.002993300004163757,178.21913242340088,60,61,637,2,
Lightning2,gadf-features,gadf,logreg,1,0.6065573770491803,662,157.18158520001452,0.14163699999335222,0.004274700011592358,178.21645069122314,60,61,637,2,
Lightning2,gadf-features,gadf,logreg,2,0.6065573770491803,662,158.453955999983,0.10011719999602064,0.0028837999852839857,178.21685028076172,60,61,637,2,
Lightning2,mtf-features,mtf,logreg,0,0.6229508196721312,662,169.72938450000947,0.07743579999078065,0.0033636000007390976,178.21651458740234,60,61,637,2,
Lightning2,mtf-features,mtf,logreg,1,0.6229508196721312,662,170.61762560001807,0.12338849998195656,0.0032229000062216073,178.21395778656006,60,61,637,2,
Lightning2,mtf-features,mtf,logreg,2,0.6229508196721312,662,225.1544868000201,0.24006969999754801,0.003207299974747002,178.21712684631348,60,61,637,2,
Lightning2,rp-features,rp,logreg,0,0.7540983606557377,662,217.64444910001475,0.10429350001504645,0.014177799981553108,178.21830463409424,60,61,637,2,
Lightning2,rp-features,rp,logreg,1,0.7540983606557377,662,217.03735649998998,0.08329919999232516,0.0032746999931987375,178.21859169006348,60,61,637,2,
Lightning2,rp-features,rp,logreg,2,0.7540983606557377,662,223.67982029999257,0.08728890001657419,0.0028612999885808676,178.21689414978027,60,61,637,2,
Lightning2,ablation-gaf-intensity-only,gaf,logreg,0,0.6229508196721312,6,4.323192200012272,0.025810100021772087,0.0023163000005297363,15.789871215820312,60,61,637,2,
Lightning2,ablation-gaf-intensity-only,gaf,logreg,1,0.6229508196721312,6,4.342785000015283,0.02500799999688752,0.0035275999980513006,15.789871215820312,60,61,637,2,
Lightning2,ablation-gaf-intensity-only,gaf,logreg,2,0.6229508196721312,6,3.531540900003165,0.02236180001636967,0.002337100013392046,15.789871215820312,60,61,637,2,
Lightning2,ablation-gaf-texture-only,gaf,logreg,0,0.5901639344262295,268,47.656213300011586,0.05408639999222942,0.003923200012650341,39.319576263427734,60,61,637,2,
Lightning2,ablation-gaf-texture-only,gaf,logreg,1,0.5901639344262295,268,46.81829049999942,0.06083219998981804,0.003792200004681945,39.3193998336792,60,61,637,2,
Lightning2,ablation-gaf-texture-only,gaf,logreg,2,0.5901639344262295,268,47.31610699999146,0.09300890000304207,0.005408700002590194,39.31935501098633,60,61,637,2,
Lightning7,baseline-1nn-euclidean,raw,knn1,0,0.5753424657534246,319,0.0029240000003483146,0.0034167999983765185,0.2309153999958653,0.5899658203125,70,73,319,7,
Lightning7,baseline-1nn-euclidean,raw,knn1,1,0.5753424657534246,319,0.0012398000108078122,0.0028272000199649483,0.11776749999262393,0.5899658203125,70,73,319,7,
Lightning7,baseline-1nn-euclidean,raw,knn1,2,0.5753424657534246,319,0.0011692999978549778,0.009691699990071356,0.22998390000429936,0.5899658203125,70,73,319,7,
Lightning7,baseline-raw-logreg,raw,logreg,0,0.6712328767123288,319,0.0013380000018514693,0.21929420001106337,0.0026249999937135726,1.2855005264282227,70,73,319,7,
Lightning7,baseline-raw-logreg,raw,logreg,1,0.6712328767123288,319,0.0010155000200029463,0.183585699996911,0.002760100003797561,1.2851858139038086,70,73,319,7,
Lightning7,baseline-raw-logreg,raw,logreg,2,0.6712328767123288,319,0.0009919000149238855,0.17973820000770502,0.0027357999933883548,1.2848711013793945,70,73,319,7,
Lightning7,gasf-features,gaf,logreg,0,0.5616438356164384,662,68.84152280000853,0.17410440000821836,0.00608939997619018,45.392762184143066,70,73,319,7,
Lightning7,gasf-features,gaf,logreg,1,0.5616438356164384,662,67.17946669997764,0.14429170000948943,0.0027649999829009175,45.39526653289795,70,73,319,7,
Lightning7,gasf-features,gaf,logreg,2,0.5616438356164384,662,68.85024709999561,0.10805410001194105,0.0031639999942854047,45.395657539367676,70,73,319,7,
Lightning7,gadf-features,gadf,logreg,0,0.4794520547945205,662,58.62942730000941,0.13850349999847822,0.0017530999903101474,45.395371437072754,70,73,319,7,
Lightning7,gadf-features,gadf,logreg,1,0.4794520547945205,662,49.72115289999056,0.1488019999815151,0.002942200022516772,45.392762184143066,70,73,319,7,
Lightning7,gadf-features,gadf,logreg,2,0.4794520547945205,662,50.641808399988804,0.16234239999903366,0.0037705000140704215,45.394776344299316,70,73,319,7,
Lightning7,mtf-features,mtf,logreg,0,0.3972602739726027,662,50.914363099989714,0.14040730000124313,0.0027974999975413084,45.39569282531738,70,73,319,7,
Lightning7,mtf-features,mtf,logreg,1,0.3972602739726027,662,50.51017240001238,0.7686681000050157,0.0403189999924507,45.4029655456543,70,73,319,7,
Lightning7,mtf-features,mtf,logreg,2,0.3972602739726027,662,70.4996841000102,0.46070419999887235,0.004263899987563491,45.39565372467041,70,73,319,7,
Lightning7,rp-features,rp,logreg,0,0.4520547945205479,662,68.78219080000417,0.14319410000462085,0.003429599979426712,45.395249366760254,70,73,319,7,
Lightning7,rp-features,rp,logreg,1,0.4520547945205479,662,73.00384980000672,0.13016319999587722,0.002965299994684756,45.39529323577881,70,73,319,7,
Lightning7,rp-features,rp,logreg,2,0.4520547945205479,662,65.0153228000272,0.128031700005522,0.0037378999986685812,45.39643669128418,70,73,319,7,
Lightning7,ablation-gaf-intensity-only,gaf,logreg,0,0.4657534246575342,6,0.8022338000009768,0.051793199992971495,0.0023166000028140843,4.07647705078125,70,73,319,7,
Lightning7,ablation-gaf-intensity-only,gaf,logreg,1,0.4657534246575342,6,0.6411935999931302,0.04914509999798611,0.006612099998164922,4.07647705078125,70,73,319,7,
Lightning7,ablation-gaf-intensity-only,gaf,logreg,2,0.4657534246575342,6,0.5811086999892723,0.07943000001250766,0.00231719997827895,4.07647705078125,70,73,319,7,
Lightning7,ablation-gaf-texture-only,gaf,logreg,0,0.4657534246575342,268,11.04900080000516,0.13888330000918359,0.003127100004348904,10.220449447631836,70,73,319,7,
Lightning7,ablation-gaf-texture-only,gaf,logreg,1,0.4657534246575342,268,9.599208600004204,0.19680920001701452,0.0025971000140998513,10.220359802246094,70,73,319,7,
Lightning7,ablation-gaf-texture-only,gaf,logreg,2,0.4657534246575342,268,10.413175199995749,0.1823199999926146,0.003509800008032471,10.22036075592041,70,73,319,7,
Meat,baseline-1nn-euclidean,raw,knn1,0,0.9333333333333333,448,0.0015107000072021037,0.004196599998977035,0.3570144000113942,0.6798858642578125,60,60,448,3,
Meat,baseline-1nn-euclidean,raw,knn1,1,0.9333333333333333,448,0.0012660999782383442,0.003823699982604012,0.31546079998952337,0.6798858642578125,60,60,448,3,
Meat,baseline-1nn-euclidean,raw,knn1,2,0.9333333333333333,448,0.0012302999966777861,0.003914699977030978,0.23949690000154078,0.6798858642578125,60,60,448,3,
Meat,baseline-raw-logreg,raw,logreg,0,0.9333333333333333,448,0.000891500007128343,0.15310699999099597,0.0038250999932643026,1.0937471389770508,60,60,448,3,
Meat,baseline-raw-logreg,raw,logreg,1,0.9333333333333333,448,0.0011777000036090612,0.08783519998542033,0.002663299994310364,1.0937471389770508,60,60,448,3,
Meat,baseline-raw-logreg,raw,logreg,2,0.9333333333333333,448,0.0012605999945662916,0.10280669998610392,0.002915499993832782,1.0937471389770508,60,60,448,3,
Meat,gasf-features,gaf,logreg,0,0.85,662,83.47410479999962,0.046337900013895705,0.0031916000007186085,88.53098583221436,60,60,448,3,
Meat,gasf-features,gaf,logreg,1,0.85,662,82.6339707999723,0.04978770000161603,0.0027464999875519425,88.53504371643066,60,60,448,3,
Meat,gasf-features,gaf,logreg,2,0.85,662,81.85679309998523,0.04655829997500405,0.0022139999782666564,88.5335578918457,60,60,448,3,
Meat,gadf-features,gadf,logreg,0,0.8833333333333333,662,81.52982360002352,0.06008750002365559,0.0020998999825678766,88.53327751159668,60,60,448,3,
Meat,gadf-features,gadf,logreg,1,0.8833333333333333,662,79.45474419998936,0.05676300000050105,0.0030712999869138002,88.53398609161377,60,60,448,3,
Meat,gadf-features,gadf,logreg,2,0.8833333333333333,662,76.37882460001856,0.04634169998462312,0.003083499992499128,88.53396511077881,60,60,448,3,
Meat,mtf-features,mtf,logreg,0,0.8833333333333333,662,76.72655520000262,0.14785249999840744,0.0034008999937213957,88.53477954864502,60,60,448,3,
Meat,mtf-features,mtf,logreg,1,0.8833333333333333,662,75.86713100000634,0.14196000000811182,0.0040074000135064125,88.53411102294922,60,60,448,3,
Meat,mtf-features,mtf,logreg,2,0.8833333333333333,662,70.00821080000605,0.08710229999269359,0.003062200004933402,88.53149318695068,60,60,448,3,
Meat,rp-features,rp,logreg,0,0.7833333333333333,662,70.17968529998325,0.05051269999239594,0.0029055000049993396,88.53462028503418,60,60,448,3,
Meat,rp-features,rp,logreg,1,0.7833333333333333,662,70.11279039998772,0.05103550001513213,0.0032167999888770282,88.53410720825195,60,60,448,3,
Meat,rp-features,rp,logreg,2,0.7833333333333333,662,69.40616000001319,0.04349089998868294,0.0016986999835353345,88.5328598022461,60,60,448,3,
Meat,ablation-gaf-intensity-only,gaf,logreg,0,0.6833333333333333,6,1.2217448000155855,0.030675499991048127,0.0024585000064689666,7.875732421875,60,60,448,3,
Meat,ablation-gaf-intensity-only,gaf,logreg,1,0.6833333333333333,6,1.1986091999860946,0.02863489999435842,0.002280100015923381,7.875732421875,60,60,448,3,
Meat,ablation-gaf-intensity-only,gaf,logreg,2,0.6833333333333333,6,1.2731803999922704,0.023506300000008196,0.0022464999929070473,7.875732421875,60,60,448,3,
Meat,ablation-gaf-texture-only,gaf,logreg,0,0.6333333333333333,268,16.838662399997702,0.045743800001218915,0.0027094999968539923,19.6489839553833,60,60,448,3,
Meat,ablation-gaf-texture-only,gaf,logreg,1,0.6333333333333333,268,16.47555000000284,0.050696599995717406,0.002780400012852624,19.649072647094727,60,60,448,3,
Meat,ablation-gaf-texture-only,gaf,logreg,2,0.6333333333333333,268,15.229443999996874,0.04727040001307614,0.002839799999492243,19.64893913269043,60,60,448,3,
MoteStrain,baseline-1nn-euclidean,raw,knn1,0,0.8785942492012779,84,0.002359600010095164,0.0037386000039987266,0.03104679999523796,1.7101287841796875,20,1252,84,2,
MoteStrain,baseline-1nn-euclidean,raw,knn1,1,0.8785942492012779,84,0.0013205999857746065,0.002553700003772974,0.019159399991622195,1.7101287841796875,20,1252,84,2,
MoteStrain,baseline-1nn-euclidean,raw,knn1,2,0.8785942492012779,84,0.0016894000000320375,0.003727300005266443,0.018618700007209554,1.7101287841796875,20,1252,84,2,
MoteStrain,baseline-raw-logreg,raw,logreg,0,0.8618210862619808,84,0.0017216999840456992,0.034700099990004674,0.004117000004043803,1.7101287841796875,20,1252,84,2,
MoteStrain,baseline-raw-logreg,raw,logreg,1,0.8618210862619808,84,0.0014003999822307378,0.03450070001417771,0.004233600018778816,1.7101287841796875,20,1252,84,2,
MoteStrain,baseline-raw-logreg,raw,logreg,2,0.8618210862619808,84,0.0011549000046215951,0.03210199999739416,0.0035672000085469335,1.7101287841796875,20,1252,84,2,
MoteStrain,gasf-features,gaf,logreg,0,0.700479233226837,662,52.112579199980246,0.024082799995085225,0.009496000013314188,13.080207824707031,20,1252,84,2,
MoteStrain,gasf-features,gaf,logreg,1,0.700479233226837,662,50.94110919997911,0.017380999983288348,0.00689390001934953,13.079190254211426,20,1252,84,2,
MoteStrain,gasf-features,gaf,logreg,2,0.700479233226837,662,49.42212780000409,0.01917649997631088,0.00627749998238869,13.079500198364258,20,1252,84,2,
MoteStrain,gadf-features,gadf,logreg,0,0.8937699680511182,662,48.477934099995764,0.02625090000219643,0.00796060002176091,13.079606056213379,20,1252,84,2,
MoteStrain,gadf-features,gadf,logreg,1,0.8937699680511182,662,41.42587199999252,0.02402720000827685,0.008074300014413893,13.076761245727539,20,1252,84,2,
MoteStrain,gadf-features,gadf,logreg,2,0.8937699680511182,662,41.74769029999152,0.02786450000712648,0.012007899989839643,13.079676628112793,20,1252,84,2,
MoteStrain,mtf-features,mtf,logreg,0,0.6701277955271565,662,43.652335000020685,0.02878469999996014,0.01639560001785867,13.080199241638184,20,1252,84,2,
MoteStrain,mtf-features,mtf,logreg,1,0.6701277955271565,662,43.02130510000279,0.03248369999346323,0.009703899995656684,13.078442573547363,20,1252,84,2,
MoteStrain,mtf-features,mtf,logreg,2,0.6701277955271565,662,43.66597279999405,0.032693799992557615,0.010548799997195601,13.080236434936523,20,1252,84,2,
MoteStrain,rp-features,rp,logreg,0,0.7340255591054313,662,42.132171099976404,0.0247903999988921,0.00878599999123253,13.079054832458496,20,1252,84,2,
MoteStrain,rp-features,rp,logreg,1,0.7340255591054313,662,44.306701699999394,0.033095499995397404,0.011179200024344027,13.080151557922363,20,1252,84,2,
MoteStrain,rp-features,rp,logreg,2,0.7340255591054313,662,45.217666500015184,0.02782759998808615,0.013193299993872643,13.07969856262207,20,1252,84,2,
MoteStrain,ablation-gaf-intensity-only,gaf,logreg,0,0.518370607028754,6,0.5296025999996345,0.016668700001901016,0.0023898000072222203,1.6988525390625,20,1252,84,2,
MoteStrain,ablation-gaf-intensity-only,gaf,logreg,1,0.518370607028754,6,0.561412700015353,0.021958099998300895,0.001896099973237142,1.6988525390625,20,1252,84,2,
MoteStrain,ablation-gaf-intensity-only,gaf,logreg,2,0.518370607028754,6,0.6015088999993168,0.0196235999756027,0.00279880000744015,1.6988525390625,20,1252,84,2,
MoteStrain,ablation-gaf-texture-only,gaf,logreg,0,0.6853035143769968,268,8.197959899989655,0.03069750001304783,0.00511149998055771,5.488032341003418,20,1252,84,2,
MoteStrain,ablation-gaf-texture-only,gaf,logreg,1,0.6853035143769968,268,8.504096599994227,0.024376500019570813,0.007327399973291904,5.488165855407715,20,1252,84,2,
MoteStrain,ablation-gaf-texture-only,gaf,logreg,2,0.6853035143769968,268,8.7039536999946,0.025596499996026978,0.0056582000106573105,5.487988471984863,20,1252,84,2,
OliveOil,baseline-1nn-euclidean,raw,knn1,0,0.8666666666666667,570,0.0008308999822475016,0.0025963000080082566,0.040753699984634295,0.4547119140625,30,30,570,4,
OliveOil,baseline-1nn-euclidean,raw,knn1,1,0.8666666666666667,570,0.0009382999851368368,0.0029140000115148723,0.01874829997541383,0.4547119140625,30,30,570,4,
OliveOil,baseline-1nn-euclidean,raw,knn1,2,0.8666666666666667,570,0.0006434000097215176,0.0028578000201378018,0.08948830000008456,0.4547119140625,30,30,570,4,
OliveOil,baseline-raw-logreg,raw,logreg,0,0.9,570,0.000666000007186085,0.08214470001985319,0.0023117999953683466,1.1723146438598633,30,30,570,4,
OliveOil,baseline-raw-logreg,raw,logreg,1,0.9,570,0.0009428000194020569,0.07263899999088608,0.002793699997710064,1.1723508834838867,30,30,570,4,
OliveOil,baseline-raw-logreg,raw,logreg,2,0.9,570,0.0007514000171795487,0.07059360001585446,0.002710900007514283,1.1723947525024414,30,30,570,4,
OliveOil,gasf-features,gaf,logreg,0,0.7666666666666667,662,63.03012679997482,0.07806709999567829,0.0023916999925859272,142.41005039215088,30,30,570,4,
OliveOil,gasf-features,gaf,logreg,1,0.7666666666666667,662,63.81119559999206,0.07633390001137741,0.003107700002146885,142.40997886657715,30,30,570,4,
OliveOil,gasf-features,gaf,logreg,2,0.7666666666666667,662,64.01406790001784,0.07656359998509288,0.002369399997405708,142.4107608795166,30,30,570,4,
OliveOil,gadf-features,gadf,logreg,0,0.7333333333333333,662,64.42631199999596,0.07973709999350831,0.003566700004739687,142.4086275100708,30,30,570,4,
OliveOil,gadf-features,gadf,logreg,1,0.7333333333333333,662,65.89945850000367,0.09435960001428612,0.003375700005562976,142.41082668304443,30,30,570,4,
OliveOil,gadf-features,gadf,logreg,2,0.7333333333333333,662,66.86971090000588,0.12980500000412576,0.004832600010558963,142.41046333312988,30,30,570,4,
OliveOil,mtf-features,mtf,logreg,0,0.6666666666666666,662,67.14133499999298,0.1648243999807164,0.003125399991404265,142.41034412384033,30,30,570,4,
OliveOil,mtf-features,mtf,logreg,1,0.6666666666666666,662,67.61479370002053,0.17221150000113994,0.0027975999983027577,142.41021156311035,30,30,570,4,
OliveOil,mtf-features,mtf,logreg,2,0.6666666666666666,662,89.82636550001916,0.2630813999858219,0.002774200023850426,142.4109869003296,30,30,570,4,
OliveOil,rp-features,rp,logreg,0,0.7,662,89.37545569997746,0.06912540001212619,0.003235100011806935,142.41027641296387,30,30,570,4,
OliveOil,rp-features,rp,logreg,1,0.7,662,89.8123295000114,0.06730830000014976,0.0033767000131774694,142.41044521331787,30,30,570,4,
OliveOil,rp-features,rp,logreg,2,0.7,662,89.26331400001072,0.0614167999883648,0.002308800001628697,142.40777683258057,30,30,570,4,
OliveOil,ablation-gaf-intensity-only,gaf,logreg,0,0.5,6,1.3873609000002034,0.038734400004614145,0.002751199994236231,12.532623291015625,30,30,570,4,
OliveOil,ablation-gaf-intensity-only,gaf,logreg,1,0.5,6,1.4281121999956667,0.044936299993423745,0.002951700007542968,12.532623291015625,30,30,570,4,
OliveOil,ablation-gaf-intensity-only,gaf,logreg,2,0.5,6,1.1457809999992605,0.037234799994621426,0.0018139999883715063,12.532623291015625,30,30,570,4,
OliveOil,ablation-gaf-texture-only,gaf,logreg,0,0.5666666666666667,268,14.129624900000636,0.05474429999594577,0.002685900020878762,31.30552387237549,30,30,570,4,
OliveOil,ablation-gaf-texture-only,gaf,logreg,1,0.5666666666666667,268,14.091115899995202,0.04622720001498237,0.0020309999817982316,31.305700302124023,30,30,570,4,
OliveOil,ablation-gaf-texture-only,gaf,logreg,2,0.5666666666666667,268,13.67206900002202,0.07845020000240766,0.004965600004652515,31.305479049682617,30,30,570,4,
Plane,baseline-1nn-euclidean,raw,knn1,0,0.9619047619047619,144,0.0008934999932534993,0.0028667000005953014,0.012990999995963648,0.41175079345703125,105,105,144,7,
Plane,baseline-1nn-euclidean,raw,knn1,1,0.9619047619047619,144,0.0005585000035353005,0.0023524999851360917,0.06981360001373105,0.41175079345703125,105,105,144,7,
Plane,baseline-1nn-euclidean,raw,knn1,2,0.9619047619047619,144,0.000610099988989532,0.0029427999979816377,0.018104299990227446,0.41175079345703125,105,105,144,7,
Plane,baseline-raw-logreg,raw,logreg,0,0.9809523809523809,144,0.0008343000081367791,0.06858580000698566,0.002611200005048886,0.7207365036010742,105,105,144,7,
Plane,baseline-raw-logreg,raw,logreg,1,0.9809523809523809,144,0.0007994000043254346,0.06512089999159798,0.002824099996360019,0.7206850051879883,105,105,144,7,
Plane,baseline-raw-logreg,raw,logreg,2,0.9809523809523809,144,0.0004498999915085733,0.06546070001786575,0.0014001000090502203,0.7206850051879883,105,105,144,7,
Plane,gasf-features,gaf,logreg,0,0.9904761904761905,662,17.15769759999239,0.0852524999936577,0.004184400022495538,10.269357681274414,105,105,144,7,
Plane,gasf-features,gaf,logreg,1,0.9904761904761905,662,22.039146700000856,0.1399898000236135,0.0127834000159055,10.268736839294434,105,105,144,7,
Plane,gasf-features,gaf,logreg,2,0.9904761904761905,662,23.286877699982142,0.11432800002512522,0.04411650000838563,10.26917552947998,105,105,144,7,
Plane,gadf-features,gadf,logreg,0,0.9809523809523809,662,25.052681400004076,0.0837593000032939,0.007269299996551126,10.26905632019043,105,105,144,7,
Plane,gadf-features,gadf,logreg,1,0.9809523809523809,662,32.270077299996046,0.115641999989748,0.006044599984306842,10.269509315490723,105,105,144,7,
Plane,gadf-features,gadf,logreg,2,0.9809523809523809,662,32.631366600020556,0.1368660999869462,0.013978500006487593,10.268540382385254,105,105,144,7,
Plane,mtf-features,mtf,logreg,0,0.9428571428571428,662,32.37691009999253,0.17677580000599846,0.0034192000166513026,10.26909065246582,105,105,144,7,
Plane,mtf-features,mtf,logreg,1,0.9428571428571428,662,32.577087099984055,0.36476940001011826,0.0040065000066533685,10.268969535827637,105,105,144,7,
Plane,mtf-features,mtf,logreg,2,0.9428571428571428,662,27.5479010999843,0.12884190000477247,0.004292300000088289,10.268997192382812,105,105,144,7,
Plane,rp-features,rp,logreg,0,0.9809523809523809,662,21.605267400009325,0.05932889998075552,0.003979300003265962,10.268595695495605,105,105,144,7,
Plane,rp-features,rp,logreg,1,0.9809523809523809,662,20.9232966999989,0.07024970001657493,0.0037554999871645123,10.268898963928223,105,105,144,7,
Plane,rp-features,rp,logreg,2,0.9809523809523809,662,18.903390099992976,0.05803460002061911,0.002879500010749325,10.269102096557617,105,105,144,7,
Plane,ablation-gaf-intensity-only,gaf,logreg,0,0.6857142857142857,6,0.17435700001078658,0.09025609999662265,0.0021164999925531447,0.9300384521484375,105,105,144,7,
Plane,ablation-gaf-intensity-only,gaf,logreg,1,0.6857142857142857,6,0.18733670000801794,0.07315170002402738,0.0020244000188540667,0.9300384521484375,105,105,144,7,
Plane,ablation-gaf-intensity-only,gaf,logreg,2,0.6857142857142857,6,0.18912799999816343,0.08242359998985194,0.002669999987119809,0.9300384521484375,105,105,144,7,
Plane,ablation-gaf-texture-only,gaf,logreg,0,0.9809523809523809,268,2.821444100001827,0.054356300010113046,0.002670299989404157,2.552745819091797,105,105,144,7,
Plane,ablation-gaf-texture-only,gaf,logreg,1,0.9809523809523809,268,2.6794286999793258,0.057930100010707974,0.0027020999987144023,2.552790641784668,105,105,144,7,
Plane,ablation-gaf-texture-only,gaf,logreg,2,0.9809523809523809,268,2.8317971999931615,0.06313470000168309,0.004290799988666549,2.552701950073242,105,105,144,7,
ProximalPhalanxOutlineAgeGroup,baseline-1nn-euclidean,raw,knn1,0,0.7853658536585366,80,0.0030568999936804175,0.005916599999181926,0.07534989999840036,0.5630874633789062,400,205,80,3,
ProximalPhalanxOutlineAgeGroup,baseline-1nn-euclidean,raw,knn1,1,0.7853658536585366,80,0.0008150999783538282,0.0034684999845921993,0.10383269999874756,0.5630874633789062,400,205,80,3,
ProximalPhalanxOutlineAgeGroup,baseline-1nn-euclidean,raw,knn1,2,0.7853658536585366,80,0.0006332999910227954,0.0029285000055097044,0.25475839999853633,0.5630874633789062,400,205,80,3,
ProximalPhalanxOutlineAgeGroup,baseline-raw-logreg,raw,logreg,0,0.848780487804878,80,0.0018239000055473298,0.1512745999789331,0.0034889000235125422,0.8186483383178711,400,205,80,3,
ProximalPhalanxOutlineAgeGroup,baseline-raw-logreg,raw,logreg,1,0.848780487804878,80,0.0006908999930601567,0.14124060000176542,0.0020243999897502363,0.8184289932250977,400,205,80,3,
ProximalPhalanxOutlineAgeGroup,baseline-raw-logreg,raw,logreg,2,0.848780487804878,80,0.0009336000075563788,0.1432275999977719,0.0020500999817159027,0.8184728622436523,400,205,80,3,
ProximalPhalanxOutlineAgeGroup,gasf-features,gaf,logreg,0,0.7414634146341463,662,23.57582430000184,0.22148769997875206,0.00409970001783222,6.224743843078613,400,205,80,3,
ProximalPhalanxOutlineAgeGroup,gasf-features,gaf,logreg,1,0.7414634146341463,662,23.11718950001523,0.22406180002144538,0.0027855999942403287,6.2239179611206055,400,205,80,3,
ProximalPhalanxOutlineAgeGroup,gasf-features,gaf,logreg,2,0.7414634146341463,662,23.04502959997626,0.2080058999999892,0.002000899985432625,6.220956802368164,400,205,80,3,
ProximalPhalanxOutlineAgeGroup,gadf-features,gadf,logreg,0,0.8,662,23.023950100003276,0.2330550000187941,0.002895499987062067,6.22392463684082,400,205,80,3,
ProximalPhalanxOutlineAgeGroup,gadf-features,gadf,logreg,1,0.8,662,23.24431460001506,0.20910959999309853,0.0024133999831974506,6.224116325378418,400,205,80,3,
ProximalPhalanxOutlineAgeGroup,gadf-features,gadf,logreg,2,0.8,662,22.133116799988784,0.21653500001411885,0.002713699999731034,6.224841117858887,400,205,80,3,
ProximalPhalanxOutlineAgeGroup,mtf-features,mtf,logreg,0,0.8097560975609757,662,22.570053500006907,0.33990999998059124,0.004888099996605888,6.224554061889648,400,205,80,3,
ProximalPhalanxOutlineAgeGroup,mtf-features,mtf,logreg,1,0.8097560975609757,662,22.011762200010708,0.3080160999961663,0.002564499998698011,6.229489326477051,400,205,80,3,
ProximalPhalanxOutlineAgeGroup,mtf-features,mtf,logreg,2,0.8097560975609757,662,20.25532349999412,0.3561956000048667,0.004109600005904213,6.223653793334961,400,205,80,3,
ProximalPhalanxOutlineAgeGroup,rp-features,rp,logreg,0,0.7804878048780488,662,19.440243899996858,0.2825332000211347,0.002723800018429756,6.2237348556518555,400,205,80,3,
ProximalPhalanxOutlineAgeGroup,rp-features,rp,logreg,1,0.7804878048780488,662,19.694526699982816,0.2673683000029996,0.005210499977692962,6.221147537231445,400,205,80,3,
ProximalPhalanxOutlineAgeGroup,rp-features,rp,logreg,2,0.7804878048780488,662,20.190320699999575,0.2544558999943547,0.004368599998997524,6.223857879638672,400,205,80,3,
ProximalPhalanxOutlineAgeGroup,ablation-gaf-intensity-only,gaf,logreg,0,0.8682926829268293,6,0.24231980001786724,0.03935410000849515,0.0020246999920345843,0.5612030029296875,400,205,80,3,
ProximalPhalanxOutlineAgeGroup,ablation-gaf-intensity-only,gaf,logreg,1,0.8682926829268293,6,0.26374339999165386,0.037272200017469004,0.0026975000218953937,0.5612030029296875,400,205,80,3,
ProximalPhalanxOutlineAgeGroup,ablation-gaf-intensity-only,gaf,logreg,2,0.8682926829268293,6,0.209831199987093,0.03668130000005476,0.001433600002201274,0.5612030029296875,400,205,80,3,
ProximalPhalanxOutlineAgeGroup,ablation-gaf-texture-only,gaf,logreg,0,0.7268292682926829,268,3.4962915999931283,0.141100099979667,0.0018625000084284693,2.563556671142578,400,205,80,3,
ProximalPhalanxOutlineAgeGroup,ablation-gaf-texture-only,gaf,logreg,1,0.7268292682926829,268,3.563498500006972,0.15685220001614653,0.0028851999959442765,2.563685417175293,400,205,80,3,
ProximalPhalanxOutlineAgeGroup,ablation-gaf-texture-only,gaf,logreg,2,0.7268292682926829,268,3.6607413000019733,0.150971400027629,0.003565799997886643,2.563775062561035,400,205,80,3,
ProximalPhalanxOutlineCorrect,baseline-1nn-euclidean,raw,knn1,0,0.8075601374570447,80,0.0013260999985504895,0.002978800010168925,0.027395200013415888,0.8099212646484375,600,291,80,2,
ProximalPhalanxOutlineCorrect,baseline-1nn-euclidean,raw,knn1,1,0.8075601374570447,80,0.0008317000174429268,0.0021809999889228493,0.04301359999226406,0.8099212646484375,600,291,80,2,
ProximalPhalanxOutlineCorrect,baseline-1nn-euclidean,raw,knn1,2,0.8075601374570447,80,0.0009735999919939786,0.0030912000220268965,0.029954400000860915,0.8099212646484375,600,291,80,2,
ProximalPhalanxOutlineCorrect,baseline-raw-logreg,raw,logreg,0,0.852233676975945,80,0.0008147000044118613,0.10611039999639615,0.00265650000073947,1.1676607131958008,600,291,80,2,
ProximalPhalanxOutlineCorrect,baseline-raw-logreg,raw,logreg,1,0.852233676975945,80,0.0013209999888204038,0.10725279999314807,0.0026000000070780516,1.1677045822143555,600,291,80,2,
ProximalPhalanxOutlineCorrect,baseline-raw-logreg,raw,logreg,2,0.852233676975945,80,0.001118500018492341,0.09551020001526922,0.0023843999952077866,1.167616844177246,600,291,80,2,
ProximalPhalanxOutlineCorrect,gasf-features,gaf,logreg,0,0.7560137457044673,662,39.182007900002645,0.1908633999992162,0.003516900003887713,9.105607986450195,600,291,80,2,
ProximalPhalanxOutlineCorrect,gasf-features,gaf,logreg,1,0.7560137457044673,662,39.461253699992085,0.15407150000100955,0.0027089000213891268,9.105023384094238,600,291,80,2,
ProximalPhalanxOutlineCorrect,gasf-features,gaf,logreg,2,0.7560137457044673,662,39.49875420000171,0.1476060000131838,0.0026086999860126525,9.104629516601562,600,291,80,2,
ProximalPhalanxOutlineCorrect,gadf-features,gadf,logreg,0,0.7285223367697594,662,39.51852059998782,0.17895680002402514,0.003199099999619648,9.10436725616455,600,291,80,2,
ProximalPhalanxOutlineCorrect,gadf-features,gadf,logreg,1,0.7285223367697594,662,37.775412100018,0.16595130000496283,0.0035371000121813267,9.103870391845703,600,291,80,2,
ProximalPhalanxOutlineCorrect,gadf-features,gadf,logreg,2,0.7285223367697594,662,37.92819580002106,0.1615825000044424,0.003344400000059977,9.1043701171875,600,291,80,2,
ProximalPhalanxOutlineCorrect,mtf-features,mtf,logreg,0,0.7353951890034365,662,38.743663799978094,0.15886769999633543,0.003710199991473928,9.101625442504883,600,291,80,2,
ProximalPhalanxOutlineCorrect,mtf-features,mtf,logreg,1,0.7353951890034365,662,38.61134099998162,0.25953420001314953,0.0043197000049985945,9.103954315185547,600,291,80,2,
ProximalPhalanxOutlineCorrect,mtf-features,mtf,logreg,2,0.7353951890034365,662,46.720785899990005,0.15637539999443106,0.003904599987436086,9.104724884033203,600,291,80,2,
ProximalPhalanxOutlineCorrect,rp-features,rp,logreg,0,0.7216494845360825,662,45.36403550000978,0.22335139999631792,0.004917200014460832,9.104702949523926,600,291,80,2,
ProximalPhalanxOutlineCorrect,rp-features,rp,logreg,1,0.7216494845360825,662,45.80352899999707,0.1673841000010725,0.003239400015445426,9.10608196258545,600,291,80,2,
ProximalPhalanxOutlineCorrect,rp-features,rp,logreg,2,0.7216494845360825,662,46.430597400001716,0.14364969998132437,0.0044470000138971955,9.104815483093262,600,291,80,2,
ProximalPhalanxOutlineCorrect,ablation-gaf-intensity-only,gaf,logreg,0,0.7010309278350515,6,0.33477630000561476,0.019376999989617616,0.0012926000053994358,0.8099212646484375,600,291,80,2,
ProximalPhalanxOutlineCorrect,ablation-gaf-intensity-only,gaf,logreg,1,0.7010309278350515,6,0.3398821000009775,0.023172999994130805,0.002076699980534613,0.8099212646484375,600,291,80,2,
ProximalPhalanxOutlineCorrect,ablation-gaf-intensity-only,gaf,logreg,2,0.7010309278350515,6,0.3370796000235714,0.022602400014875457,0.0022529999841935933,0.8099212646484375,600,291,80,2,
ProximalPhalanxOutlineCorrect,ablation-gaf-texture-only,gaf,logreg,0,0.7457044673539519,268,10.868398100021295,0.38407440000446513,0.010801999975228682,3.7305707931518555,600,291,80,2,
ProximalPhalanxOutlineCorrect,ablation-gaf-texture-only,gaf,logreg,1,0.7457044673539519,268,10.685413700004574,0.36054319998947904,0.008558000001357868,3.7303285598754883,600,291,80,2,
ProximalPhalanxOutlineCorrect,ablation-gaf-texture-only,gaf,logreg,2,0.7457044673539519,268,11.756065699999453,0.36327890001120977,0.010717200028011575,3.7302608489990234,600,291,80,2,
ProximalPhalanxTW,baseline-1nn-euclidean,raw,knn1,0,0.7073170731707317,80,0.0014380000066012144,0.0040972999995574355,0.034064399980707094,0.5630874633789062,400,205,80,6,
ProximalPhalanxTW,baseline-1nn-euclidean,raw,knn1,1,0.7073170731707317,80,0.0009583999926690012,0.003578400006517768,0.02374259999487549,0.5630874633789062,400,205,80,6,
ProximalPhalanxTW,baseline-1nn-euclidean,raw,knn1,2,0.7073170731707317,80,0.0009980000031646341,0.003664099989691749,0.027712799987057224,0.5630874633789062,400,205,80,6,
ProximalPhalanxTW,baseline-raw-logreg,raw,logreg,0,0.7560975609756098,80,0.0010655000223778188,0.5858512000122573,0.005121700000017881,0.8448972702026367,400,205,80,6,
ProximalPhalanxTW,baseline-raw-logreg,raw,logreg,1,0.7560975609756098,80,0.0022666000004392117,0.5137156999844592,0.004410399997141212,0.8448648452758789,400,205,80,6,
ProximalPhalanxTW,baseline-raw-logreg,raw,logreg,2,0.7560975609756098,80,0.0012564999924506992,0.6260694999946281,0.00322839998989366,0.8452596664428711,400,205,80,6,
ProximalPhalanxTW,gasf-features,gaf,logreg,0,0.7365853658536585,662,36.353639199980535,0.44203659999766387,0.0032796000014059246,6.444186210632324,400,205,80,6,
ProximalPhalanxTW,gasf-features,gaf,logreg,1,0.7365853658536585,662,32.03674130002037,0.41740790000767447,0.004029100004117936,6.44295597076416,400,205,80,6,
ProximalPhalanxTW,gasf-features,gaf,logreg,2,0.7365853658536585,662,32.677435999998124,0.44037830000161193,0.0028660999960266054,6.443625450134277,400,205,80,6,
ProximalPhalanxTW,gadf-features,gadf,logreg,0,0.751219512195122,662,31.00943279999774,0.389151600014884,0.0040320999978575855,6.443306922912598,400,205,80,6,
ProximalPhalanxTW,gadf-features,gadf,logreg,1,0.751219512195122,662,23.57434750001994,0.5346816000237595,0.005867600004421547,6.444061279296875,400,205,80,6,
ProximalPhalanxTW,gadf-features,gadf,logreg,2,0.751219512195122,662,24.403568400011864,0.6889745999942534,0.004643899999791756,6.443631172180176,400,205,80,6,
ProximalPhalanxTW,mtf-features,mtf,logreg,0,0.7463414634146341,662,25.21115920000011,0.7467098999768496,0.0053607000154443085,6.444058418273926,400,205,80,6,
ProximalPhalanxTW,mtf-features,mtf,logreg,1,0.7463414634146341,662,26.260525199992117,0.45842540002195165,0.002950900001451373,6.44374942779541,400,205,80,6,
ProximalPhalanxTW,mtf-features,mtf,logreg,2,0.7463414634146341,662,26.2596923999954,0.4960782999987714,0.0029878999921493232,6.445223808288574,400,205,80,6,
ProximalPhalanxTW,rp-features,rp,logreg,0,0.7121951219512195,662,25.650792000000365,0.30128899999544956,0.003125699993688613,6.443265914916992,400,205,80,6,
ProximalPhalanxTW,rp-features,rp,logreg,1,0.7121951219512195,662,25.68290309997974,0.35748159998911433,0.004325199988670647,6.442950248718262,400,205,80,6,
ProximalPhalanxTW,rp-features,rp,logreg,2,0.7121951219512195,662,25.67509540001629,0.36362439999356866,0.0031361000146716833,6.450995445251465,400,205,80,6,
ProximalPhalanxTW,ablation-gaf-intensity-only,gaf,logreg,0,0.7609756097560976,6,0.4436275000043679,0.10079279998899437,0.0030258999904617667,0.5612030029296875,400,205,80,6,
ProximalPhalanxTW,ablation-gaf-intensity-only,gaf,logreg,1,0.7609756097560976,6,0.4891361999907531,0.10398210000130348,0.0028623999969568104,0.5612030029296875,400,205,80,6,
ProximalPhalanxTW,ablation-gaf-intensity-only,gaf,logreg,2,0.7609756097560976,6,0.5108173999760766,0.08959459999459796,0.002957500022603199,0.5612030029296875,400,205,80,6,
ProximalPhalanxTW,ablation-gaf-texture-only,gaf,logreg,0,0.7463414634146341,268,5.344165799993789,0.23001170001225546,0.0018872999935410917,2.652433395385742,400,205,80,6,
ProximalPhalanxTW,ablation-gaf-texture-only,gaf,logreg,1,0.7463414634146341,268,5.150571100006346,0.2396452999964822,0.00304920002236031,2.6523256301879883,400,205,80,6,
ProximalPhalanxTW,ablation-gaf-texture-only,gaf,logreg,2,0.7463414634146341,268,4.604582800006028,0.22027930000331253,0.0030291999864857644,2.652301788330078,400,205,80,6,
SonyAIBORobotSurface1,baseline-1nn-euclidean,raw,knn1,0,0.6955074875207987,70,0.0008101999992504716,0.002064300002530217,0.013034700008574873,0.7306137084960938,20,601,70,2,
SonyAIBORobotSurface1,baseline-1nn-euclidean,raw,knn1,1,0.6955074875207987,70,0.0006018000131007284,0.002097400021739304,0.015460300026461482,0.7306137084960938,20,601,70,2,
SonyAIBORobotSurface1,baseline-1nn-euclidean,raw,knn1,2,0.6955074875207987,70,0.0006263999966904521,0.0022228999878279865,0.011003699997672811,0.7306137084960938,20,601,70,2,
SonyAIBORobotSurface1,baseline-raw-logreg,raw,logreg,0,0.6755407653910149,70,0.0005882000259589404,0.02365649997955188,0.0025510000123176724,0.7388238906860352,20,601,70,2,
SonyAIBORobotSurface1,baseline-raw-logreg,raw,logreg,1,0.6755407653910149,70,0.0006566000229213387,0.030415499990340322,0.002872100012609735,0.7386045455932617,20,601,70,2,
SonyAIBORobotSurface1,baseline-raw-logreg,raw,logreg,2,0.6755407653910149,70,0.0009212000004481524,0.04051029999391176,0.0023335999867413193,0.7386045455932617,20,601,70,2,
SonyAIBORobotSurface1,gasf-features,gaf,logreg,0,0.7953410981697171,662,19.53747929999372,0.03069910002523102,0.013781400019070134,6.3722028732299805,20,601,70,2,
SonyAIBORobotSurface1,gasf-features,gaf,logreg,1,0.7953410981697171,662,20.81986659998074,0.028838999976869673,0.007978799985721707,6.3733415603637695,20,601,70,2,
SonyAIBORobotSurface1,gasf-features,gaf,logreg,2,0.7953410981697171,662,20.881826199998613,0.03771730000153184,0.011801500018918887,6.372689247131348,20,601,70,2,
SonyAIBORobotSurface1,gadf-features,gadf,logreg,0,0.8119800332778702,662,19.621448599995347,0.029451000009430572,0.011281899991445243,6.371849060058594,20,601,70,2,
SonyAIBORobotSurface1,gadf-features,gadf,logreg,1,0.8119800332778702,662,21.596125299984124,0.05751630000304431,0.00800359999993816,6.372730255126953,20,601,70,2,
SonyAIBORobotSurface1,gadf-features,gadf,logreg,2,0.8119800332778702,662,19.396123299986357,0.029313199978787452,0.03793230000883341,6.372043609619141,20,601,70,2,
SonyAIBORobotSurface1,mtf-features,mtf,logreg,0,0.7770382695507487,662,19.018040399998426,0.025940999999875203,0.022852900001453236,6.372444152832031,20,601,70,2,
SonyAIBORobotSurface1,mtf-features,mtf,logreg,1,0.7770382695507487,662,22.176836300001014,0.025761600001715124,0.01355799997691065,6.372199058532715,20,601,70,2,
SonyAIBORobotSurface1,mtf-features,mtf,logreg,2,0.7770382695507487,662,34.41798860000563,0.03790729999309406,0.008223499986343086,6.372648239135742,20,601,70,2,
SonyAIBORobotSurface1,rp-features,rp,logreg,0,0.8302828618968386,662,20.99491000000853,0.03199940000195056,0.008873499988112599,6.372220039367676,20,601,70,2,
SonyAIBORobotSurface1,rp-features,rp,logreg,1,0.8302828618968386,662,28.562342499993974,0.048277299996698275,0.0233262000256218,6.373246192932129,20,601,70,2,
SonyAIBORobotSurface1,rp-features,rp,logreg,2,0.8302828618968386,662,21.52418999999645,0.03488419999484904,0.011496299994178116,6.3722991943359375,20,601,70,2,
SonyAIBORobotSurface1,ablation-gaf-intensity-only,gaf,logreg,0,0.6955074875207987,6,0.6936168000102043,0.04835399999865331,0.0020637000270653516,0.7214736938476562,20,601,70,2,
SonyAIBORobotSurface1,ablation-gaf-intensity-only,gaf,logreg,1,0.6955074875207987,6,0.8052026999939699,0.07277830000384711,0.0021727000130340457,0.7214736938476562,20,601,70,2,
SonyAIBORobotSurface1,ablation-gaf-intensity-only,gaf,logreg,2,0.6955074875207987,6,0.27291309999418445,0.022547900007339194,0.002199000009568408,0.7214736938476562,20,601,70,2,
SonyAIBORobotSurface1,ablation-gaf-texture-only,gaf,logreg,0,0.7121464226289518,268,7.138711699983105,0.027104000007966533,0.004913899989333004,2.6562862396240234,20,601,70,2,
SonyAIBORobotSurface1,ablation-gaf-texture-only,gaf,logreg,1,0.7121464226289518,268,6.521406900021248,0.035553099995013326,0.004521700000623241,2.656463623046875,20,601,70,2,
SonyAIBORobotSurface1,ablation-gaf-texture-only,gaf,logreg,2,0.7121464226289518,268,4.852249299990945,0.02566720001050271,0.03265460001421161,2.656951904296875,20,601,70,2,
SonyAIBORobotSurface2,baseline-1nn-euclidean,raw,knn1,0,0.8593913955928646,65,0.0017112999921664596,0.0035927999997511506,0.2064832999894861,1.044647216796875,27,953,65,2,
SonyAIBORobotSurface2,baseline-1nn-euclidean,raw,knn1,1,0.8593913955928646,65,0.002208299993071705,0.0028516000020317733,0.17361719999462366,1.044647216796875,27,953,65,2,
SonyAIBORobotSurface2,baseline-1nn-euclidean,raw,knn1,2,0.8593913955928646,65,0.002137299976311624,0.0067263999953866005,0.1809971000184305,1.044647216796875,27,953,65,2,
SonyAIBORobotSurface2,baseline-raw-logreg,raw,logreg,0,0.8100734522560336,65,0.0012801999982912093,0.07619039999553934,0.0040695000207051635,1.0472841262817383,27,953,65,2,
SonyAIBORobotSurface2,baseline-raw-logreg,raw,logreg,1,0.8100734522560336,65,0.0017481000104453415,0.046023699978832155,0.002833300008205697,1.0473718643188477,27,953,65,2,
SonyAIBORobotSurface2,baseline-raw-logreg,raw,logreg,2,0.8100734522560336,65,0.003031100000953302,0.0375703000172507,0.0019498999754432589,1.0472402572631836,27,953,65,2,
SonyAIBORobotSurface2,gasf-features,gaf,logreg,0,0.85099685204617,662,30.898539400019217,0.028779799991752952,0.02157660000375472,10.01524543762207,27,953,65,2,
SonyAIBORobotSurface2,gasf-features,gaf,logreg,1,0.85099685204617,662,28.43235689998255,0.030327499989653006,0.022673900006338954,10.015451431274414,27,953,65,2,
SonyAIBORobotSurface2,gasf-features,gaf,logreg,2,0.85099685204617,662,37.27160279999953,0.07945280001149513,0.017499300010968,10.01628303527832,27,953,65,2,
SonyAIBORobotSurface2,gadf-features,gadf,logreg,0,0.8772298006295908,662,32.3272799999977,0.028499000007286668,0.012652700010221452,10.01517391204834,27,953,65,2,
SonyAIBORobotSurface2,gadf-features,gadf,logreg,1,0.8772298006295908,662,28.127625199995236,0.02874490001704544,0.012248099985299632,10.015449523925781,27,953,65,2,
SonyAIBORobotSurface2,gadf-features,gadf,logreg,2,0.8772298006295908,662,40.897365900018485,0.030345499981194735,0.005958500027190894,10.015131950378418,27,953,65,2,
SonyAIBORobotSurface2,mtf-features,mtf,logreg,0,0.6096537250786989,662,34.43292580000707,0.027496399998199195,0.006188899977132678,10.016736030578613,27,953,65,2,
SonyAIBORobotSurface2,mtf-features,mtf,logreg,1,0.6096537250786989,662,43.179034700006014,0.07939940001233481,0.02076469999155961,10.01567554473877,27,953,65,2,
SonyAIBORobotSurface2,mtf-features,mtf,logreg,2,0.6096537250786989,662,32.12383759999648,0.054446900001494214,0.015318699995987117,10.016386032104492,27,953,65,2,
SonyAIBORobotSurface2,rp-features,rp,logreg,0,0.8940188877229801,662,34.204830100003164,0.03857169998809695,0.008634400001028553,10.016621589660645,27,953,65,2,
SonyAIBORobotSurface2,rp-features,rp,logreg,1,0.8940188877229801,662,32.1579131000035,0.057071999995969236,0.018932300008600578,10.015758514404297,27,953,65,2,
SonyAIBORobotSurface2,rp-features,rp,logreg,2,0.8940188877229801,662,51.11844170000404,0.10263680000207387,0.028096800000639632,10.015628814697266,27,953,65,2,
SonyAIBORobotSurface2,ablation-gaf-intensity-only,gaf,logreg,0,0.6757607555089192,6,0.5134527999907732,0.02018819999648258,0.0026045000122394413,1.0331192016601562,27,953,65,2,
SonyAIBORobotSurface2,ablation-gaf-intensity-only,gaf,logreg,1,0.6757607555089192,6,0.4506341000087559,0.018905800010543317,0.00219870000728406,1.0331192016601562,27,953,65,2,
SonyAIBORobotSurface2,ablation-gaf-intensity-only,gaf,logreg,2,0.6757607555089192,6,0.38308229998801835,0.019021700019948184,0.002290100004756823,1.0331192016601562,27,953,65,2,
SonyAIBORobotSurface2,ablation-gaf-texture-only,gaf,logreg,0,0.8436516264428122,268,5.307062000007136,0.02454120002221316,0.005805299995699897,4.201141357421875,27,953,65,2,
SonyAIBORobotSurface2,ablation-gaf-texture-only,gaf,logreg,1,0.8436516264428122,268,5.4964435000147205,0.0263046000036411,0.005034700006945059,4.2010087966918945,27,953,65,2,
SonyAIBORobotSurface2,ablation-gaf-texture-only,gaf,logreg,2,0.8436516264428122,268,7.248876500001643,0.05094059999100864,0.00684049999108538,4.20109748840332,27,953,65,2,
ToeSegmentation1,baseline-1nn-euclidean,raw,knn1,0,0.6798245614035088,277,0.0007932000153232366,0.0026938999944832176,0.00901119998889044,1.1164779663085938,40,228,277,2,
ToeSegmentation1,baseline-1nn-euclidean,raw,knn1,1,0.6798245614035088,277,0.0008473000198137015,0.0023840000212658197,0.01808589999563992,1.1164779663085938,40,228,277,2,
ToeSegmentation1,baseline-1nn-euclidean,raw,knn1,2,0.6798245614035088,277,0.0013340000004973263,0.002716499991947785,0.013414900022326037,1.1164779663085938,40,228,277,2,
ToeSegmentation1,baseline-raw-logreg,raw,logreg,0,0.5789473684210527,277,0.0009886999905575067,0.04265200000372715,0.003079499991144985,1.215235710144043,40,228,277,2,
ToeSegmentation1,baseline-raw-logreg,raw,logreg,1,0.5789473684210527,277,0.0014720000035595149,0.04232380000757985,0.003257500007748604,1.2153234481811523,40,228,277,2,
ToeSegmentation1,baseline-raw-logreg,raw,logreg,2,0.5789473684210527,277,0.001336699991952628,0.03882650000741705,0.002884000015910715,1.2153234481811523,40,228,277,2,
ToeSegmentation1,gasf-features,gaf,logreg,0,0.8421052631578947,662,97.69836199999554,0.08239399999729358,0.009478899999521673,35.412407875061035,40,228,277,2,
ToeSegmentation1,gasf-features,gaf,logreg,1,0.8421052631578947,662,95.71271639998304,0.06113799999002367,0.004183699988061562,35.41159534454346,40,228,277,2,
ToeSegmentation1,gasf-features,gaf,logreg,2,0.8421052631578947,662,97.34576329999254,0.11473999998997897,0.011947499995585531,35.411550521850586,40,228,277,2,
ToeSegmentation1,gadf-features,gadf,logreg,0,0.8552631578947368,662,96.86044630000833,0.08789360002265312,0.011647199979051948,35.410807609558105,40,228,277,2,
ToeSegmentation1,gadf-features,gadf,logreg,1,0.8552631578947368,662,101.88609010001528,0.08405239999410696,0.010071500000776723,35.4136438369751,40,228,277,2,
ToeSegmentation1,gadf-features,gadf,logreg,2,0.8552631578947368,662,102.8797515000042,0.09380440000677481,0.010701299994252622,35.41139602661133,40,228,277,2,
ToeSegmentation1,mtf-features,mtf,logreg,0,0.6535087719298246,662,102.49208319999161,0.12989620000007562,0.008956399979069829,35.41140270233154,40,228,277,2,
ToeSegmentation1,mtf-features,mtf,logreg,1,0.6535087719298246,662,95.55383659998188,0.09692480001831427,0.0066719999886117876,35.41134834289551,40,228,277,2,
ToeSegmentation1,mtf-features,mtf,logreg,2,0.6535087719298246,662,95.05139179999242,0.0428232999984175,0.005491399992024526,35.41185188293457,40,228,277,2,
ToeSegmentation1,rp-features,rp,logreg,0,0.8640350877192983,662,93.577942599979,0.03456880000885576,0.005320199998095632,35.412129402160645,40,228,277,2,
ToeSegmentation1,rp-features,rp,logreg,1,0.8640350877192983,662,91.06313660001615,0.041877000010572374,0.004315600002883002,35.41095542907715,40,228,277,2,
ToeSegmentation1,rp-features,rp,logreg,2,0.8640350877192983,662,89.98263070001849,0.04088220000267029,0.00529229998937808,35.411335945129395,40,228,277,2,
ToeSegmentation1,ablation-gaf-intensity-only,gaf,logreg,0,0.6622807017543859,6,1.230211899994174,0.051766500022495165,0.003857800009427592,3.4492263793945312,40,228,277,2,
ToeSegmentation1,ablation-gaf-intensity-only,gaf,logreg,1,0.6622807017543859,6,1.2938704999978654,0.03882889999658801,0.0031935999868437648,3.4492263793945312,40,228,277,2,
ToeSegmentation1,ablation-gaf-intensity-only,gaf,logreg,2,0.6622807017543859,6,1.2687179000058677,0.04243609998957254,0.004294699989259243,3.4492263793945312,40,228,277,2,
ToeSegmentation1,ablation-gaf-texture-only,gaf,logreg,0,0.8114035087719298,268,18.552451800002018,0.0671796000096947,0.004650600021705031,8.406454086303711,40,228,277,2,
ToeSegmentation1,ablation-gaf-texture-only,gaf,logreg,1,0.8114035087719298,268,18.6898482000106,0.07155210000928491,0.004783599986694753,8.406099319458008,40,228,277,2,
ToeSegmentation1,ablation-gaf-texture-only,gaf,logreg,2,0.8114035087719298,268,17.528211199998623,0.07063020000350662,0.003963199997087941,8.406277656555176,40,228,277,2,
ToeSegmentation2,baseline-1nn-euclidean,raw,knn1,0,0.8076923076923077,343,0.001496699987910688,0.005945299984887242,0.1218312999990303,0.8395156860351562,36,130,343,2,
ToeSegmentation2,baseline-1nn-euclidean,raw,knn1,1,0.8076923076923077,343,0.0016647000156808645,0.004636400000890717,0.015675800008466467,0.8395156860351562,36,130,343,2,
ToeSegmentation2,baseline-1nn-euclidean,raw,knn1,2,0.8076923076923077,343,0.0016460999904666096,0.0069608999765478075,0.022214600001461804,0.8395156860351562,36,130,343,2,
ToeSegmentation2,baseline-raw-logreg,raw,logreg,0,0.5615384615384615,343,0.0018131999822799116,0.15317919998778962,0.006341600004816428,0.9528532028198242,36,130,343,2,
ToeSegmentation2,baseline-raw-logreg,raw,logreg,1,0.5615384615384615,343,0.0023219999857246876,0.16879440000047907,0.006753299996489659,0.9526338577270508,36,130,343,2,
ToeSegmentation2,baseline-raw-logreg,raw,logreg,2,0.5615384615384615,343,0.008302500005811453,0.14831319998484105,0.006957200006581843,0.9526777267456055,36,130,343,2,
ToeSegmentation2,gasf-features,gaf,logreg,0,0.823076923076923,662,67.19019149997621,0.03503710002405569,0.0037588000122923404,52.62397384643555,36,130,343,2,
ToeSegmentation2,gasf-features,gaf,logreg,1,0.823076923076923,662,69.70843470000545,0.04178529998171143,0.0032879000063985586,52.6232795715332,36,130,343,2,
ToeSegmentation2,gasf-features,gaf,logreg,2,0.823076923076923,662,67.80906870000763,0.03232249998836778,0.0037837999989278615,52.62873554229736,36,130,343,2,
ToeSegmentation2,gadf-features,gadf,logreg,0,0.8153846153846154,662,66.86452949998784,0.034488000004785135,0.0035204000014346093,52.622968673706055,36,130,343,2,
ToeSegmentation2,gadf-features,gadf,logreg,1,0.8153846153846154,662,60.00073470000643,0.06788380001671612,0.008961599989561364,52.62270927429199,36,130,343,2,
ToeSegmentation2,gadf-features,gadf,logreg,2,0.8153846153846154,662,59.92477909999434,0.07044630000018515,0.0059763999888673425,52.62302303314209,36,130,343,2,
ToeSegmentation2,mtf-features,mtf,logreg,0,0.6153846153846154,662,60.91564500000095,0.06559749998268671,0.0049313999770674855,52.622361183166504,36,130,343,2,
ToeSegmentation2,mtf-features,mtf,logreg,1,0.6153846153846154,662,65.75584840000374,0.10105840000323951,0.0162086000200361,52.62074851989746,36,130,343,2,
ToeSegmentation2,mtf-features,mtf,logreg,2,0.6153846153846154,662,64.7095488999912,0.12603869999293238,0.008019000000786036,52.62313365936279,36,130,343,2,
ToeSegmentation2,rp-features,rp,logreg,0,0.8153846153846154,662,68.66458209999837,0.09506689998670481,0.0073438999825157225,52.6231107711792,36,130,343,2,
ToeSegmentation2,rp-features,rp,logreg,1,0.8153846153846154,662,71.84392369998386,0.08462199999485165,0.006621899985475466,52.622758865356445,36,130,343,2,
ToeSegmentation2,rp-features,rp,logreg,2,0.8153846153846154,662,78.04242220000015,0.0664880000113044,0.006250100006582215,52.62380599975586,36,130,343,2,
ToeSegmentation2,ablation-gaf-intensity-only,gaf,logreg,0,0.5923076923076923,6,1.0922162999922875,0.04298030000063591,0.0041415000159759074,4.852775573730469,36,130,343,2,
ToeSegmentation2,ablation-gaf-intensity-only,gaf,logreg,1,0.5923076923076923,6,1.165941000013845,0.047788399999262765,0.005040599993662909,4.852775573730469,36,130,343,2,
ToeSegmentation2,ablation-gaf-intensity-only,gaf,logreg,2,0.5923076923076923,6,1.104860399995232,0.04234970000106841,0.003181200008839369,4.852775573730469,36,130,343,2,
ToeSegmentation2,ablation-gaf-texture-only,gaf,logreg,0,0.823076923076923,268,16.510734100011177,0.06721949999337085,0.006531999999424443,11.954316139221191,36,130,343,2,
ToeSegmentation2,ablation-gaf-texture-only,gaf,logreg,1,0.823076923076923,268,17.916531700000633,0.050335200008703396,0.00620790000539273,11.954360961914062,36,130,343,2,
ToeSegmentation2,ablation-gaf-texture-only,gaf,logreg,2,0.823076923076923,268,17.918907300016144,0.05762399997911416,0.004348799993749708,11.954360008239746,36,130,343,2,
TwoLeadECG,baseline-1nn-euclidean,raw,knn1,0,0.7471466198419666,82,0.003802099992753938,0.006320199987385422,0.17601439999998547,1.5292892456054688,23,1139,82,2,
TwoLeadECG,baseline-1nn-euclidean,raw,knn1,1,0.7471466198419666,82,0.0020044000120833516,0.0037782999861519784,0.2039562999852933,1.5292892456054688,23,1139,82,2,
TwoLeadECG,baseline-1nn-euclidean,raw,knn1,2,0.7471466198419666,82,0.003490200004307553,0.005504500004462898,0.34530759998597205,1.5292892456054688,23,1139,82,2,
TwoLeadECG,baseline-raw-logreg,raw,logreg,0,0.9464442493415277,82,0.00236909999512136,0.12581919998046942,0.004597199993440881,1.5293302536010742,23,1139,82,2,
TwoLeadECG,baseline-raw-logreg,raw,logreg,1,0.9464442493415277,82,0.002196500019636005,0.08050790001288988,0.017415499984053895,1.5293302536010742,23,1139,82,2,
TwoLeadECG,baseline-raw-logreg,raw,logreg,2,0.9464442493415277,82,0.0017859000072348863,0.11179070000071079,0.00791620000381954,1.5292892456054688,23,1139,82,2,
TwoLeadECG,gasf-features,gaf,logreg,0,0.9490781387181738,662,63.29114469999331,0.02970780001487583,0.00853709998773411,11.92066478729248,23,1139,82,2,
TwoLeadECG,gasf-features,gaf,logreg,1,0.9490781387181738,662,60.82056739999098,0.029117099998984486,0.0071858000010252,11.926682472229004,23,1139,82,2,
TwoLeadECG,gasf-features,gaf,logreg,2,0.9490781387181738,662,58.10832160001155,0.034040500002447516,0.007436899992171675,11.923321723937988,23,1139,82,2,
TwoLeadECG,gadf-features,gadf,logreg,0,0.9701492537313433,662,57.42583520000335,0.061532000021543354,0.019730999978492036,11.925851821899414,23,1139,82,2,
TwoLeadECG,gadf-features,gadf,logreg,1,0.9701492537313433,662,55.23801390000153,0.03233349998481572,0.010230300016701221,11.92391300201416,23,1139,82,2,
TwoLeadECG,gadf-features,gadf,logreg,2,0.9701492537313433,662,56.90513009999995,0.04268169999704696,0.01707379997242242,11.923066139221191,23,1139,82,2,
TwoLeadECG,mtf-features,mtf,logreg,0,0.7181738366988587,662,57.61317989998497,0.029920200002379715,0.007308100000955164,11.92396354675293,23,1139,82,2,
TwoLeadECG,mtf-features,mtf,logreg,1,0.7181738366988587,662,52.68079559999751,0.02776510000694543,0.006743300007656217,11.924653053283691,23,1139,82,2,
TwoLeadECG,mtf-features,mtf,logreg,2,0.7181738366988587,662,47.820763499999885,0.028330800007097423,0.00878740000189282,11.92272663116455,23,1139,82,2,
TwoLeadECG,rp-features,rp,logreg,0,0.9534679543459175,662,47.11725119999028,0.0310202999971807,0.01081129998783581,11.92515754699707,23,1139,82,2,
TwoLeadECG,rp-features,rp,logreg,1,0.9534679543459175,662,48.692875700013246,0.053796499996678904,0.013805099995806813,11.928183555603027,23,1139,82,2,
TwoLeadECG,rp-features,rp,logreg,2,0.9534679543459175,662,48.79369770002086,0.050446400011423975,0.01295209999079816,11.925402641296387,23,1139,82,2,
TwoLeadECG,ablation-gaf-intensity-only,gaf,logreg,0,0.7726075504828798,6,0.5358051999937743,0.024888499989174306,0.0024571999965701252,1.5165786743164062,23,1139,82,2,
TwoLeadECG,ablation-gaf-intensity-only,gaf,logreg,1,0.7726075504828798,6,0.9353906000033021,0.02655189999495633,0.0032661999866832048,1.5165786743164062,23,1139,82,2,
TwoLeadECG,ablation-gaf-intensity-only,gaf,logreg,2,0.7726075504828798,6,0.6900667999871075,0.024140699999406934,0.002142300014384091,1.5165786743164062,23,1139,82,2,
TwoLeadECG,ablation-gaf-texture-only,gaf,logreg,0,0.8270412642669008,268,7.749323800002458,0.023691800015512854,0.004113500006496906,5.002398490905762,23,1139,82,2,
TwoLeadECG,ablation-gaf-texture-only,gaf,logreg,1,0.8270412642669008,268,7.429878099996131,0.02476669999305159,0.005360499984817579,5.00257682800293,23,1139,82,2,
TwoLeadECG,ablation-gaf-texture-only,gaf,logreg,2,0.8270412642669008,268,7.395602700009476,0.025779100018553436,0.006372799980454147,5.002309799194336,23,1139,82,2,
Wine,baseline-1nn-euclidean,raw,knn1,0,0.6111111111111112,234,0.0006509999802801758,0.0017694999987725168,0.015011399984359741,0.36004638671875,57,54,234,2,
Wine,baseline-1nn-euclidean,raw,knn1,1,0.6111111111111112,234,0.0005543000006582588,0.002355399978114292,0.020414099999470636,0.36004638671875,57,54,234,2,
Wine,baseline-1nn-euclidean,raw,knn1,2,0.6111111111111112,234,0.0006342999986372888,0.0024627000093460083,0.022095699998317286,0.36004638671875,57,54,234,2,
Wine,baseline-raw-logreg,raw,logreg,0,0.8888888888888888,234,0.0005320000054780394,0.045599900011438876,0.0024670000129844993,0.4782438278198242,57,54,234,2,
Wine,baseline-raw-logreg,raw,logreg,1,0.8888888888888888,234,0.0007693000079598278,0.047167500015348196,0.0025135000178124756,0.47841930389404297,57,54,234,2,
Wine,baseline-raw-logreg,raw,logreg,2,0.8888888888888888,234,0.0007496000034734607,0.04656710001290776,0.0015501999878324568,0.47815608978271484,57,54,234,2,
Wine,gasf-features,gaf,logreg,0,0.8148148148148148,662,18.201781500014476,0.05608930002199486,0.003080399997998029,24.61266326904297,57,54,234,2,
Wine,gasf-features,gaf,logreg,1,0.8148148148148148,662,18.507785599998897,0.039909199986141175,0.003358400019351393,24.610188484191895,57,54,234,2,
Wine,gasf-features,gaf,logreg,2,0.8148148148148148,662,18.658862400014186,0.04715080000460148,0.002676400006748736,24.611536979675293,57,54,234,2,
Wine,gadf-features,gadf,logreg,0,0.8148148148148148,662,18.649375500011956,0.0358325999986846,0.003778300015255809,24.611260414123535,57,54,234,2,
Wine,gadf-features,gadf,logreg,1,0.8148148148148148,662,15.83298740000464,0.04183780000312254,0.003347300022142008,24.61226463317871,57,54,234,2,
Wine,gadf-features,gadf,logreg,2,0.8148148148148148,662,15.58326259997557,0.03785950000747107,0.0017970000044442713,24.60883617401123,57,54,234,2,
Wine,mtf-features,mtf,logreg,0,0.48148148148148145,662,16.214453699998558,0.053099799988558516,0.0023967000015545636,24.611421585083008,57,54,234,2,
Wine,mtf-features,mtf,logreg,1,0.48148148148148145,662,15.607710599986603,0.07485400000587106,0.003968500008340925,24.6115140914917,57,54,234,2,
Wine,mtf-features,mtf,logreg,2,0.48148148148148145,662,21.11252379999496,0.06897339998977259,0.003121399990050122,24.61212921142578,57,54,234,2,
Wine,rp-features,rp,logreg,0,0.6666666666666666,662,21.46721939998679,0.029123499989509583,0.0015952999820001423,24.608878135681152,57,54,234,2,
Wine,rp-features,rp,logreg,1,0.6666666666666666,662,21.390201200003503,0.02433819998987019,0.0017545000009704381,24.61305809020996,57,54,234,2,
Wine,rp-features,rp,logreg,2,0.6666666666666666,662,21.0640596000012,0.01991139998426661,0.001417299994500354,24.611281394958496,57,54,234,2,
Wine,ablation-gaf-intensity-only,gaf,logreg,0,0.5,6,0.19644729999708943,0.02348199998959899,0.002361199993174523,2.2013168334960938,57,54,234,2,
Wine,ablation-gaf-intensity-only,gaf,logreg,1,0.5,6,0.24125009999261238,0.03195349997258745,0.0023295000137295574,2.2013168334960938,57,54,234,2,
Wine,ablation-gaf-intensity-only,gaf,logreg,2,0.5,6,0.23362970000016503,0.029348200012464076,0.0021363999985624105,2.2013168334960938,57,54,234,2,
Wine,ablation-gaf-texture-only,gaf,logreg,0,0.6481481481481481,268,3.5628627999976743,0.05516879999777302,0.0031996000034268945,5.579602241516113,57,54,234,2,
Wine,ablation-gaf-texture-only,gaf,logreg,1,0.6481481481481481,268,3.5453389000031166,0.05825659999391064,0.0035210000060033053,5.579690933227539,57,54,234,2,
Wine,ablation-gaf-texture-only,gaf,logreg,2,0.6481481481481481,268,3.622255700000096,0.0667597999854479,0.003061600000364706,5.579779624938965,57,54,234,2,
ArrowHead,baseline-rocket-ridge,rocket,ridge,0,0.8228571428571428,20000,88.29234270000597,0.20227139999042265,0.24065359999076463,69.3228530883789,36,175,251,3,
ArrowHead,baseline-rocket-ridge,rocket,ridge,1,0.8,20000,83.3711015000008,0.1954695000022184,0.13775880000321195,69.32419776916504,36,175,251,3,
ArrowHead,baseline-rocket-ridge,rocket,ridge,2,0.8228571428571428,20000,64.88184260000708,0.35927190000074916,0.17970720000448637,69.32326793670654,36,175,251,3,
BME,baseline-rocket-ridge,rocket,ridge,0,1.0,20000,60.012352899997495,0.15052840000134893,0.26137729999027215,60.73767566680908,30,150,128,3,
BME,baseline-rocket-ridge,rocket,ridge,1,1.0,20000,69.62222059999476,0.18278239999199286,0.15236940002068877,60.739179611206055,30,150,128,3,
BME,baseline-rocket-ridge,rocket,ridge,2,1.0,20000,69.78685949998908,0.19197230000281706,0.1098690000071656,60.739145278930664,30,150,128,3,
Beef,baseline-rocket-ridge,rocket,ridge,0,0.8333333333333334,20000,63.70312879999983,0.20132510000257753,0.010538000002270564,32.90272331237793,30,30,470,5,
Beef,baseline-rocket-ridge,rocket,ridge,1,0.8,20000,63.92982049999409,0.23755429999437183,0.0330621000030078,32.901612281799316,30,30,470,5,
Beef,baseline-rocket-ridge,rocket,ridge,2,0.8,20000,15.673091800010297,0.14489850000245497,0.013598600024124607,23.518799781799316,30,30,470,5,
BeetleFly,baseline-rocket-ridge,rocket,ridge,0,0.9,20000,11.322472900006687,0.11227430001599714,0.006372500007273629,15.887333869934082,20,20,512,2,
BeetleFly,baseline-rocket-ridge,rocket,ridge,1,0.9,20000,11.052334200008772,0.12026890000561252,0.007420699985232204,15.887290000915527,20,20,512,2,
BeetleFly,baseline-rocket-ridge,rocket,ridge,2,0.9,20000,10.991396299999906,0.11512969998875633,0.0464122999983374,15.887723922729492,20,20,512,2,
BirdChicken,baseline-rocket-ridge,rocket,ridge,0,0.9,20000,10.776972799998475,0.08935090000159107,0.037405399983981624,15.886618614196777,20,20,512,2,
BirdChicken,baseline-rocket-ridge,rocket,ridge,1,0.9,20000,15.858155599999009,0.08018469999660738,0.005394000007072464,15.8870267868042,20,20,512,2,
BirdChicken,baseline-rocket-ridge,rocket,ridge,2,0.9,20000,17.816866999986814,0.10408200000529177,0.06555209998623468,15.887553215026855,20,20,512,2,
CBF,baseline-rocket-ridge,rocket,ridge,0,1.0,20000,115.29194350002217,0.18437780000385828,0.7386844000138808,280.3152189254761,30,900,128,3,
CBF,baseline-rocket-ridge,rocket,ridge,1,1.0,20000,114.98147200001404,0.15076059999410063,0.7694607999874279,280.3144407272339,30,900,128,3,
CBF,baseline-rocket-ridge,rocket,ridge,2,1.0,20000,115.20278409999446,0.15205000000423752,0.8003937999892514,280.314923286438,30,900,128,3,
Chinatown,baseline-rocket-ridge,rocket,ridge,0,0.9795918367346939,20000,26.745920700021088,0.08957149999332614,0.22328649999690242,108.50083255767822,20,343,24,2,
Chinatown,baseline-rocket-ridge,rocket,ridge,1,0.9825072886297376,20000,22.822226400021464,0.0846534000011161,0.13009270001202822,108.5010404586792,20,343,24,2,
Chinatown,baseline-rocket-ridge,rocket,ridge,2,0.9795918367346939,20000,26.24643199998536,0.10203979999641888,0.16357750000315718,108.50017642974854,20,343,24,2,
Coffee,baseline-rocket-ridge,rocket,ridge,0,1.0,20000,7.614974700001767,0.13438060000771657,0.00937699998030439,21.990817070007324,28,28,286,2,
Coffee,baseline-rocket-ridge,rocket,ridge,1,1.0,20000,9.204555000003893,0.0921342000074219,0.005426899995654821,21.99134349822998,28,28,286,2,
Coffee,baseline-rocket-ridge,rocket,ridge,2,1.0,20000,14.80709299998125,0.20310659997630864,0.009877600008621812,21.990504264831543,28,28,286,2,
DiatomSizeReduction,baseline-rocket-ridge,rocket,ridge,0,0.9771241830065359,20000,78.23511579999467,0.10040840000147,0.5740185999893583,97.05653285980225,16,306,345,4,
DiatomSizeReduction,baseline-rocket-ridge,rocket,ridge,1,0.9673202614379085,20000,77.31310119997943,0.08975899999495596,0.5782993000175338,97.05648231506348,16,306,345,4,
DiatomSizeReduction,baseline-rocket-ridge,rocket,ridge,2,0.9771241830065359,20000,72.29719380001188,0.2049375000060536,0.3504891000047792,97.05631351470947,16,306,345,4,
DistalPhalanxOutlineAgeGroup,baseline-rocket-ridge,rocket,ridge,0,0.7410071942446043,20000,54.06122139998479,19.752509400015697,0.14050300000235438,265.9988374710083,400,139,80,3,
DistalPhalanxOutlineAgeGroup,baseline-rocket-ridge,rocket,ridge,1,0.7410071942446043,20000,52.54946350000682,19.261758399981773,0.27807830000529066,265.9990568161011,400,139,80,3,
DistalPhalanxOutlineAgeGroup,baseline-rocket-ridge,rocket,ridge,2,0.7482014388489209,20000,54.2731929999718,23.17250280000735,0.14436720000230707,265.9987497329712,400,139,80,3,
DistalPhalanxOutlineCorrect,baseline-rocket-ridge,rocket,ridge,0,0.7536231884057971,20000,94.54698399998597,21.670057099981932,0.22424800001317635,408.9706172943115,600,276,80,2,
DistalPhalanxOutlineCorrect,baseline-rocket-ridge,rocket,ridge,1,0.7644927536231884,20000,103.99847940000473,27.969873299996834,0.15701629998511635,408.9714517593384,600,276,80,2,
DistalPhalanxOutlineCorrect,baseline-rocket-ridge,rocket,ridge,2,0.7789855072463768,20000,114.53481840001768,22.333253399992827,0.31391789999906905,408.9704523086548,600,276,80,2,
DistalPhalanxTW,baseline-rocket-ridge,rocket,ridge,0,0.6906474820143885,20000,53.20000379998237,25.15335799998138,0.10946929999045096,266.01722049713135,400,139,80,6,
DistalPhalanxTW,baseline-rocket-ridge,rocket,ridge,1,0.6834532374100719,20000,54.16909170002327,25.531820699980017,0.1866427999921143,266.0169095993042,400,139,80,6,
DistalPhalanxTW,baseline-rocket-ridge,rocket,ridge,2,0.697841726618705,20000,54.52617769999779,24.854021599981934,0.14792950000264682,266.01703548431396,400,139,80,6,
ECG200,baseline-rocket-ridge,rocket,ridge,0,0.92,20000,21.325985799980117,0.3547515999816824,0.08462049998342991,76.92473697662354,100,100,96,2,
ECG200,baseline-rocket-ridge,rocket,ridge,1,0.92,20000,20.796521000011126,0.3819095000217203,0.0656283000134863,76.92395114898682,100,100,96,2,
ECG200,baseline-rocket-ridge,rocket,ridge,2,0.92,20000,21.75194669998018,0.4437212999910116,0.10653829999500886,76.92404460906982,100,100,96,2,
ECGFiveDays,baseline-rocket-ridge,rocket,ridge,0,1.0,20000,115.4429893999768,0.10408590000588447,0.6215304999786895,267.0394582748413,23,861,136,2,
ECGFiveDays,baseline-rocket-ridge,rocket,ridge,1,1.0,20000,89.90462220000336,0.05690300001879223,0.5905296000128146,267.03868198394775,23,861,136,2,
ECGFiveDays,baseline-rocket-ridge,rocket,ridge,2,1.0,20000,115.43973859999096,0.1444709000061266,0.6156672999786679,267.038857460022,23,861,136,2,
FaceFour,baseline-rocket-ridge,rocket,ridge,0,0.9659090909090909,20000,31.081318600015948,0.20876929999212734,0.126030899991747,31.74853229522705,24,88,350,4,
FaceFour,baseline-rocket-ridge,rocket,ridge,1,0.9772727272727273,20000,31.352591600007145,0.13595579998218454,0.14199130001361482,31.749003410339355,24,88,350,4,
FaceFour,baseline-rocket-ridge,rocket,ridge,2,0.9772727272727273,20000,26.389028200006578,0.11379150001448579,0.08126170001924038,31.74845790863037,24,88,350,4,
Fish,baseline-rocket-ridge,rocket,ridge,0,0.9771428571428571,20000,68.01032919998397,0.43717870002728887,0.14464260000386275,134.16183376312256,175,175,463,7,
Fish,baseline-rocket-ridge,rocket,ridge,1,0.9828571428571429,20000,86.9957242999808,0.4382871999987401,0.164156400016509,134.16156482696533,175,175,463,7,
Fish,baseline-rocket-ridge,rocket,ridge,2,0.9828571428571429,20000,88.82324769999832,0.5700210999930277,0.06436719998600893,134.16187191009521,175,175,463,7,
GunPoint,baseline-rocket-ridge,rocket,ridge,0,1.0,20000,25.74193930000183,0.14047039998695254,0.16593039999133907,54.17875003814697,50,150,150,2,
GunPoint,baseline-rocket-ridge,rocket,ridge,1,1.0,20000,17.498741699993843,0.1606352999806404,0.06522349998704158,54.1785306930542,50,150,150,2,
GunPoint,baseline-rocket-ridge,rocket,ridge,2,1.0,20000,22.5905894000025,0.13101120002102107,0.2553920000209473,54.17838191986084,50,150,150,2,
GunPointAgeSpan,baseline-rocket-ridge,rocket,ridge,0,0.9968354430379747,20000,61.25379119999707,0.5258745000173803,0.174277100013569,131.24646282196045,135,316,150,2,
GunPointAgeSpan,baseline-rocket-ridge,rocket,ridge,1,0.9968354430379747,20000,54.35955280001508,0.6287595999892801,0.2494293000199832,131.24637508392334,135,316,150,2,
GunPointAgeSpan,baseline-rocket-ridge,rocket,ridge,2,0.9968354430379747,20000,71.39206939999713,0.3416585999948438,0.29205580000416376,131.24646091461182,135,316,150,2,
GunPointMaleVersusFemale,baseline-rocket-ridge,rocket,ridge,0,0.9968354430379747,20000,52.896710800006986,0.36390639998717234,0.21938130000489764,131.24645137786865,135,316,150,2,
GunPointMaleVersusFemale,baseline-rocket-ridge,rocket,ridge,1,1.0,20000,54.551038999983575,0.5275083000015002,0.22838800001773052,131.24653434753418,135,316,150,2,
GunPointMaleVersusFemale,baseline-rocket-ridge,rocket,ridge,2,0.9968354430379747,20000,54.34646309999516,0.6302557999733835,0.23387140000704676,131.24628734588623,135,316,150,2,
GunPointOldVersusYoung,baseline-rocket-ridge,rocket,ridge,0,0.9873015873015873,20000,54.363541700004134,0.571583599987207,0.21741300000576302,131.70423984527588,136,315,150,2,
GunPointOldVersusYoung,baseline-rocket-ridge,rocket,ridge,1,0.9873015873015873,20000,59.34327690000646,0.3496591000002809,0.2763021999853663,131.70415210723877,136,315,150,2,
GunPointOldVersusYoung,baseline-rocket-ridge,rocket,ridge,2,0.9904761904761905,20000,53.30088899997645,0.3970946999907028,0.17832380000618286,131.7042064666748,136,315,150,2,
Ham,baseline-rocket-ridge,rocket,ridge,0,0.7047619047619048,20000,43.745937700005015,0.28966249999939464,0.09318409999832511,83.18017482757568,109,105,431,2,
Ham,baseline-rocket-ridge,rocket,ridge,1,0.7333333333333333,20000,46.380193100019824,0.3944547999999486,0.048043299990240484,83.18079090118408,109,105,431,2,
Ham,baseline-rocket-ridge,rocket,ridge,2,0.7047619047619048,20000,46.69012029998703,0.47240689999307506,0.09714440000243485,83.18083477020264,109,105,431,2,
Herring,baseline-rocket-ridge,rocket,ridge,0,0.59375,20000,31.57384520000778,0.25223270000424236,0.0512960999913048,49.45696544647217,64,64,512,2,
Herring,baseline-rocket-ridge,rocket,ridge,1,0.625,20000,30.471296500007156,0.18283700000029057,0.048955800011754036,49.45680332183838,64,64,512,2,
Herring,baseline-rocket-ridge,rocket,ridge,2,0.671875,20000,31.268412800010992,0.38620670000091195,0.04743830001098104,49.45717525482178,64,64,512,2,
ItalyPowerDemand,baseline-rocket-ridge,rocket,ridge,0,0.9698736637512148,20000,44.86733740000636,0.10072389998822473,0.48615819998667575,325.0220899581909,67,1029,24,2,
ItalyPowerDemand,baseline-rocket-ridge,rocket,ridge,1,0.9698736637512148,20000,46.08121379997465,0.08390759999747388,0.607326400000602,325.0219144821167,67,1029,24,2,
ItalyPowerDemand,baseline-rocket-ridge,rocket,ridge,2,0.9698736637512148,20000,40.90624530002242,0.12491179999778979,0.40721960001974367,325.0221242904663,67,1029,24,2,
Lightning2,baseline-rocket-ridge,rocket,ridge,0,0.7704918032786885,20000,28.28176509999321,0.09506420002435334,0.028505599999334663,46.55742359161377,60,61,637,2,
Lightning2,baseline-rocket-ridge,rocket,ridge,1,0.7868852459016393,20000,21.07549950000248,0.06472679998842068,0.026210599986370653,46.55747318267822,60,61,637,2,
Lightning2,baseline-rocket-ridge,rocket,ridge,2,0.8032786885245902,20000,28.546215799986385,0.16226189999724738,0.04450910000014119,46.55798053741455,60,61,637,2,
Lightning7,baseline-rocket-ridge,rocket,ridge,0,0.821917808219178,20000,20.29091900002095,0.20266260000062175,0.033271599997533485,54.49855899810791,70,73,319,7,
Lightning7,baseline-rocket-ridge,rocket,ridge,1,0.821917808219178,20000,17.56823499998427,0.14334900001995265,0.05690510000567883,54.498385429382324,70,73,319,7,
Lightning7,baseline-rocket-ridge,rocket,ridge,2,0.821917808219178,20000,15.184942599997157,0.1428023999906145,0.03921220000484027,54.49845218658447,70,73,319,7,
Meat,baseline-rocket-ridge,rocket,ridge,0,0.95,20000,18.599848800018663,0.1061444999941159,0.04197520000161603,46.40653896331787,60,60,448,3,
Meat,baseline-rocket-ridge,rocket,ridge,1,0.9333333333333333,20000,20.48952509998344,0.14880870000342838,0.0226033000217285,46.40638828277588,60,60,448,3,
Meat,baseline-rocket-ridge,rocket,ridge,2,0.95,20000,20.376531799993245,0.19731210000463761,0.04787199999555014,46.40604591369629,60,60,448,3,
MoteStrain,baseline-rocket-ridge,rocket,ridge,0,0.9169329073482428,20000,64.35255380001036,0.036166800011415035,0.7823802000202704,385.9043207168579,20,1252,84,2,
MoteStrain,baseline-rocket-ridge,rocket,ridge,1,0.9169329073482428,20000,88.68947599999956,0.06948279999778606,0.6082988000125624,385.9046583175659,20,1252,84,2,
MoteStrain,baseline-rocket-ridge,rocket,ridge,2,0.9201277955271565,20000,55.96662029999425,0.05577229999471456,0.3855379000015091,385.9042158126831,20,1252,84,2,
OliveOil,baseline-rocket-ridge,rocket,ridge,0,0.9,20000,12.311408699984895,0.08096359999035485,0.022374499996658415,23.517069816589355,30,30,570,4,
OliveOil,baseline-rocket-ridge,rocket,ridge,1,0.9333333333333333,20000,11.067031200014753,0.07605160001548938,0.010412100004032254,23.517169952392578,30,30,570,4,
OliveOil,baseline-rocket-ridge,rocket,ridge,2,0.9,20000,13.317153699987102,0.13237360000493936,0.032244999980321154,23.517312049865723,30,30,570,4,
Plane,baseline-rocket-ridge,rocket,ridge,0,1.0,20000,18.64729749999242,0.255206800007727,0.07833670001127757,80.74760723114014,105,105,144,7,
Plane,baseline-rocket-ridge,rocket,ridge,1,1.0,20000,19.095221800002037,0.2846636999747716,0.038552100013475865,80.74739360809326,105,105,144,7,
Plane,baseline-rocket-ridge,rocket,ridge,2,1.0,20000,18.829652299988084,0.25698380000540055,0.05779140000231564,80.74757480621338,105,105,144,7,
ProximalPhalanxOutlineAgeGroup,baseline-rocket-ridge,rocket,ridge,0,0.8390243902439024,20000,32.48760089999996,6.761361999990186,0.12006009998731315,276.06926441192627,400,205,80,3,
ProximalPhalanxOutlineAgeGroup,baseline-rocket-ridge,rocket,ridge,1,0.848780487804878,20000,37.96028560001287,9.078183999983594,0.10395889999927022,276.0696897506714,400,205,80,3,
ProximalPhalanxOutlineAgeGroup,baseline-rocket-ridge,rocket,ridge,2,0.8634146341463415,20000,42.97971479999251,9.752898200007621,0.10651290000532754,276.06902027130127,400,205,80,3,
ProximalPhalanxOutlineCorrect,baseline-rocket-ridge,rocket,ridge,0,0.9003436426116839,20000,62.4947995999828,24.500340600003256,0.1752303999965079,411.2590036392212,600,291,80,2,
ProximalPhalanxOutlineCorrect,baseline-rocket-ridge,rocket,ridge,1,0.8969072164948454,20000,63.60071289999178,24.98436979998951,0.13349579999339767,411.2594919204712,600,291,80,2,
ProximalPhalanxOutlineCorrect,baseline-rocket-ridge,rocket,ridge,2,0.8934707903780069,20000,69.65219829999842,20.846209299983457,0.09476599999470636,411.2590799331665,600,291,80,2,
ProximalPhalanxTW,baseline-rocket-ridge,rocket,ridge,0,0.8048780487804879,20000,38.642419000010705,20.598264500004007,0.2703480000200216,276.08733463287354,400,205,80,6,
ProximalPhalanxTW,baseline-rocket-ridge,rocket,ridge,1,0.8,20000,40.28290520000155,19.891986900009215,0.2808404999959748,276.0874910354614,400,205,80,6,
ProximalPhalanxTW,baseline-rocket-ridge,rocket,ridge,2,0.8048780487804879,20000,54.883733499998925,17.274704300012672,0.1803792999999132,276.0875539779663,400,205,80,6,
SonyAIBORobotSurface1,baseline-rocket-ridge,rocket,ridge,0,0.9234608985024958,20000,63.01774929999374,0.12304410000797361,0.5616967999958433,187.23481273651123,20,601,70,2,
SonyAIBORobotSurface1,baseline-rocket-ridge,rocket,ridge,1,0.9234608985024958,20000,64.12872839998454,0.1740455999970436,0.48482509999303147,187.23506259918213,20,601,70,2,
SonyAIBORobotSurface1,baseline-rocket-ridge,rocket,ridge,2,0.9251247920133111,20000,40.62819399998989,0.059915400022873655,0.8007418000197504,187.23508739471436,20,601,70,2,
SonyAIBORobotSurface2,baseline-rocket-ridge,rocket,ridge,0,0.9202518363064008,20000,95.68096890000743,0.1387626000214368,0.8413480000162963,295.72511863708496,27,953,65,2,
SonyAIBORobotSurface2,baseline-rocket-ridge,rocket,ridge,1,0.9213011542497377,20000,54.42639050001162,0.08876739998231642,1.238261099992087,295.7249917984009,27,953,65,2,
SonyAIBORobotSurface2,baseline-rocket-ridge,rocket,ridge,2,0.9233997901364114,20000,86.03961869998602,0.08147869998356327,0.9560697999841068,295.72540760040283,27,953,65,2,
ToeSegmentation1,baseline-rocket-ridge,rocket,ridge,0,0.9517543859649122,20000,52.19667259999551,0.19739510002546012,0.23363649999373592,76.45610332489014,40,228,277,2,
ToeSegmentation1,baseline-rocket-ridge,rocket,ridge,1,0.9517543859649122,20000,35.932096100004856,0.0992561999883037,0.2970271999947727,76.45629787445068,40,228,277,2,
ToeSegmentation1,baseline-rocket-ridge,rocket,ridge,2,0.9605263157894737,20000,51.486516999982996,0.21118949999799952,0.18675699998857453,76.45614910125732,40,228,277,2,
ToeSegmentation2,baseline-rocket-ridge,rocket,ridge,0,0.9153846153846154,20000,37.078409200010356,0.18527119999635033,0.15023060000385158,45.938947677612305,36,130,343,2,
ToeSegmentation2,baseline-rocket-ridge,rocket,ridge,1,0.9230769230769231,20000,28.730205900006695,0.11061319999862462,0.225482199981343,45.93887424468994,36,130,343,2,
ToeSegmentation2,baseline-rocket-ridge,rocket,ridge,2,0.9230769230769231,20000,37.59422909998102,0.11027889998513274,0.11647529999027029,45.938504219055176,36,130,343,2,
TwoLeadECG,baseline-rocket-ridge,rocket,ridge,0,0.9991220368744512,20000,70.86494060000405,0.04407350000110455,0.9053905000037048,351.8772735595703,23,1139,82,2,
TwoLeadECG,baseline-rocket-ridge,rocket,ridge,1,0.9991220368744512,20000,73.19093040001462,0.036341500002890825,0.1983827000076417,351.8774404525757,23,1139,82,2,
TwoLeadECG,baseline-rocket-ridge,rocket,ridge,2,0.9991220368744512,20000,70.21497339999769,0.04881989999557845,0.36785219999728724,351.877423286438,23,1139,82,2,
Wine,baseline-rocket-ridge,rocket,ridge,0,0.8148148148148148,20000,18.225438499997836,0.2671027999895159,0.05462249999982305,43.657925605773926,57,54,234,2,
Wine,baseline-rocket-ridge,rocket,ridge,1,0.7962962962962963,20000,18.163530300022103,0.18454550000024028,0.03952179997577332,43.65828037261963,57,54,234,2,
Wine,baseline-rocket-ridge,rocket,ridge,2,0.8333333333333334,20000,16.02721259999089,0.18793050001841038,0.03518100001383573,43.65860080718994,57,54,234,2,
